CAS#,Formula,Name
"12002-61-8","Ac2O3","actinium(III) oxide"
"27039-77-6","AgAlCl4","silver tetrachloroaluminate"
"7785-23-1","AgBr","silver bromide"
"7783-89-3","AgBrO3","silver bromate"
"506-64-9","AgCN","silver cyanide"
"563-63-3","AgC2H3O2","silver acetate"
"7783-90-6","AgCl","silver chloride"
"7783-92-8","AgClO3","silver chlorate"
"7783-93-9","AgClO4","silver perchlorate"
"7775-41-9","AgF","silver fluoride"
"7783-95-1","AgF2","silver difluoride"
"7783-96-2","AgI","silver iodide"
"7783-97-3","AgIO3","silver iodate"
"7783-98-4","AgMnO4","silver permanganate"
"13863-88-2","AgN3","silver azide"
"7761-88-8","AgNO3","silver nitrate"
"1301-96-8","AgO","silver(I,III) oxide"
"5610-59-3","AgONC","silver fulminate"
"26042-63-7","ArPF6","silver hexafluorophosphate"
"7784-00-1","AgReO4","silver perrhenate"
"1701-93-5","AgSNC","silver thiocyanate"
"7659-31-6","Ag2C2","silver acetylide"
"534-16-7","Ag2CO3","silver carbonate"
"533-51-7","Ag2C2O4","silver oxalate"
"75763-82-5","Ag2Cl2","disilver dichloride"
"7784-01-2","Ag2CrO4","silver chromate"
"7784-02-3","Ag2Cr2O7","silver dichromate"
"1302-01-8","Ag2F","silver subfluoride"
"13765-74-7","Ag2MoO4","silver molybdate"
"20667-12-3","Ag2O","silver oxide"
"21548-73-2","Ag2S","silver sulfide"
"10294-26-5","Ag2SO4","silver sulfate"
"1302-09-6","Ag2Se","silver selenide"
"7784-05-6","Ag2SeO3","silver selenite"
"7784-07-8","Ag2SeO4","silver selenate"
"12002-99-2","Ag2Te","silver telluride"
"11078-32-3","Ag3Br2","silver dibromide"
"11078-33-4","Ag3Br3","silver tribromide"
"12444-96-1","Ag3Cl3","trisilver trichloride"
"37375-12-5","Ag3I3","trisilver triiodide"
"7784-09-0","Ag3PO4","silver phosphate"
"15983-65-0","Ag3SbS3","silver thioantimonate"
"7429-90-5","Al","aluminium"
"22831-42-1","AlAs","aluminium arsenide"
"12041-50-8","AlB2","aluminium diboride"
"12041-54-2","AlB12","aluminium dodecaboride"
"7727-15-3","AlBr3","aluminium bromide"
"7784-11-4","AlBr3•6H2O","aluminium bromide hexahydrate"
"7360-53-4","Al(CHO2)3","aluminium formate"
"7446-70-0","AlCl3","aluminium chloride"
"7784-13-6","AlCl3•6H2O","aluminium chloride hexahydrate"
"7784-18-1","AlF3","aluminium fluoride"
"7784-23-8","AlI3","aluminium iodide"
"24304-00-5","AlN","aluminium nitride"
"13473-90-3","Al(NO3)3","alumimum nitrate"
"21645-51-2","Al(OH)3","aluminium hydroxide"
"20859-73-8","AlP","aluminium phosphide"
"7784-30-7","AlPO4","aluminium phosphate"
"25152-52-7","AlSb","aluminium antimonide"
"1344-28-1","Al2O3","aluminium oxide"
"10043-01-3","Al2(SO4)3","aluminium sulfate"
"1302-81-4","Al2S3","aluminium sulfide"
"1302-82-5","Al2Se3","aluminium selenide"
"1299-86-1","Al4C3","aluminum carbide"
"1302-93-8","Al6O13Si2","aluminum silicate"
"13464-46-5","AmCl3","americium(III) chloride"
"12005-67-3","AmO2","americium dioxide"
"7440-38-2","As","arsenic"
"82868-10-8","AsBrO","arsenic oxybromide"
"7784-33-0","AsBr3","arsenic tribromide"
"7784-34-1","AsCl3","arsenic trichloride"
"60646-36-8","AsCl3O","arsenic oxychloride"
"22441-45-8","AsCl5","arsenic pentachloride"
"7784-35-2","AsF3","arsenic trifluoride"
"7784-36-3","AsF5","arsenic pentafluoride"
"7784-42-1","AsH3","arsenic trihydride"
"7784-45-4","AsI3","arsenic triiodide"
"12005-99-1","AsO","arsenic monoxide"
"12255-12-8","AsO2","arsenic dioxide"
"12255-33-3","AsP","arsenic monophosphide"
"12511-95-4","AsP3","arsenic phosphide"
"12006-06-3","AsSe4","arsenic tetraselenide"
"15942-63-9","As2H4","diarsenic tetrahydride"
"13770-56-4","As2I4","arsenic diiodide"
"1327-53-3","As2O3","arsenic trioxide"
"1303-28-2","As2O5","arsenic pentoxide"
"12512-03-7","As2P2","arsenic diphosphide"
"1303-33-9","As2S3","arsenic trisulfide"
"1303-32-8","As2S4","arsenic tetrasulfide"
"1303-34-0","As2S5","arsenic pentasulfide"
"1303-35-1","As2Se","arsenic hemiselenide"
"1303-36-2","As2Se3","arsenic triselenide"
"1303-37-3","As2Se5","arsenic pentaselenide"
"12044-54-1","As2Te3","arsenic tritelluride"
"83527-53-1","As3O4","arsenic tetraoxide"
"12512-11-7","As3P","arsenic triphosphide"
"12279-90-2","As4S4","tetraarsenic tetrasulfide"
"7440-57-5","Au","gold"
"10294-27-6","AuBr","gold(I) bromide"
"10294-28-7","AuBr3","gold(III) bromide"
"506-65-0","AuCN","gold(I) cyanide"
"10294-29-8","AuCl","gold(I) chloride"
"13453-07-1","AuCl3","gold(III) chloride"
"14720-21-9","AuF3","gold(III) fluoride"
"57542-85-5","AuF5","gold(V) fluoride"
"10294-31-2","AuI","gold(I) iodide"
"31032-13-0","AuI3","gold(III) iodide"
"1303-52-2","Au(OH)3","gold(III) hydroxide"
"23331-11-5","AuSe","gold(II) selenide"
"37043-71-3","AuTe","gold(II) telluride"
"1303-58-8","Au2O3","gold(III) oxide"
"1303-60-2","Au2S","gold(I) sulfide"
"1303-61-3","Au2S3","gold(III) sulfide"
"10294-32-3","Au2(SeO4)3","gold(III) selenate"
"1303-62-4","Au2Se3","gold(III) selenide"
"62792-24-9","Au4Cl8","gold(I,III) chloride"
"14270-21-9","Au4F8","gold(I,III) fluoride"
"12005-69-5","BAs","boron arsenide"
"13510-31-1","BAsO4","boron arsenate"
"10294-33-4","BBr3","boron tribromide"
"10294-34-5","BCl3","boron trichloride"
"7637-07-2","BF3","boron trifluoride"
"13517-10-7","BI3","boron triiodide"
"10043-11-5","BN","boron nitride"
"20205-91-8","BP","boron phosphide"
"13308-51-5","BPO4","boron phosphate"
"13701-67-2","B2Cl4","diboron tetrachloride"
"13965-73-6","B2F4","diboron tetrafluoride"
"19287-45-7","B2H6","diboron hexahydride"
"1303-86-2","B2O3","diboron trioxide"
"12007-33-9","B2S3","diboron trisulfide"
"12069-32-8","B4C","boron carbide"
"18283-93-7","B4H10","boron decahydride"
"12004-04-5","BaAl2O4","barium aluminate"
"125687-68-5","Ba(AsO3)2","barium arsenite"
"56997-31-0","Ba(AsO4)2","barium arsenate"
"12046-08-1","BaB6","barium boride"
"10553-31-8","BaBr2","barium bromide"
"7791-28-8","BaBr2•2H2O","barium bromide dihydrate"
"541-43-5","Ba(CHO2)2","barium formate"
"542-62-1","Ba(CN)2","barium cyanide"
"513-77-9","BaCO3","barium carbonate"
"50813-65-5","BaC2","barium carbide"
"543-80-6","Ba(C2H3O2)2","barium acetate"
"516-02-9","BaC2O4","barium oxalate"
"5908-81-6","BaC4H4O6","barium tartrate"
"6865-35-6","Ba(C18H35O2)2","barium stearate"
"13477-00-4","Ba(ClO3)2","barium chlorate"
"13465-95-7","Ba(ClO4)2","barium perchlorate"
"10361-37-2","BaCl2","barium chloride"
"10326-27-9","BaCl2•2H2O","barium chloride dihydrate"
"10294-40-3","BaCrO4","barium chromate"
"7787-32-8","BaF2","barium fluoride"
"25417-81-6","Ba(HS)2","barium hydrosulfide"
"13477-09-3","BaH2","barium hydride"
"10048-99-4","BaHgI4","barium tetraiodomercurate"
"13718-50-8","BaI2","barium iodide"
"7787-33-9","BaI2•2H2O","barium iodide dihydrate"
"7787-35-1","BaMnO4","barium manganate"
"7787-36-2","Ba(MnO4)2","barium permanganate"
"7787-37-3","BaMoO4","barium molybdate"
"13465-94-6","Ba(NO2)2","barium nitrite"
"10022-31-8","Ba(NO3)2","barium nitrate"
"18810-58-7","BaN6","barium azide"
"12009-14-2","Ba(NbO3)2","barium niobate"
"1304-28-5","BaO","barium oxide"
"17194-00-2","Ba(OH)2","barium hydroxide"
"1304-29-6","BaO2","barium peroxide"
"13466-20-1","Ba(PO3)2","barium metaphosphate"
"13768-52-0","Ba(ReO4)2","barium perrhenate"
"21109-95-5","BaS","barium sulfide"
"2092-17-3","Ba(SCN)2","barium thiocyanate"
"7787-39-5","BaSO3","barium sulfite"
"7727-43-7","BaSO4","barium sulfate"
"35112-53-9","BaS2O3","barium thiosulfate"
"1304-39-8","BaSe","barium selenide"
"13718-59-7","BaSeO3","barium selenite"
"7787-41-9","BaSeO4","barium selenate"
"17125-80-3","BaSiF6","barium hexafluorosilicate"
"13255-26-0","BaSiO3","barium metasilicate"
"1304-40-1","BaSi2","barium silicide"
"12650-28-1","BaSi2O5","barium disilicate"
"12009-18-6","BaSnO3","barium stannate"
"12047-27-7","BaTiO3","barium titanate"
"22652-39-7","Ba(VO3)2","barium vanadate"
"7787-42-0","BaWO4","barium tungstate"
"12009-21-1","BaZrO3","barium zirconate"
"13466-21-2","Ba2P2O7","barium pyrophosphate"
"12345-14-1","Ba3(CrO4)2","barium dichromate"
"12047-79-9","Ba3N2","barium nitride"
"39416-30-3","Ba3(VO4)2","barium orthovanadate"
"120041-06-7","BeAl2O4","beryllium aluminate"
"17440-85-6","Be(BH4)2","beryllium borohydride"
"12228-40-9","BeB2","beryllium boride"
"7787-46-4","BeBr2","beryllium bromide"
"1111-71-3","Be(CHO2)2","beryllium formate"
"543-81-7","Be(C2H3O2)2","beryllium acetate"
"10210-64-7","Be(C5H7O2)2","beryllium acetylacetonate"
"7787-47-5","BeCl2","beryllium chloride"
"7787-49-7","BeF2","beryllium fluoride"
"7787-52-2","BeH2","beryllium hydride"
"7787-53-3","BeI2","beryllium iodide"
"13597-99-4","Be(NO3)2","beryllium nitrate"
"13510-48-0","Be(NO3)2•4H2O","beryllium nitrate tetrahydrate"
"7787-55-5","Be(NO3)2•3H2O","beryllium nitrate trihydrate"
"1304-56-9","BeO","beryllium oxide"
"13327-32-7","Be(OH)2","beryllium hydroxide"
"13598-22-6","BeS","beryllium sulfide"
"13510-49-1","BeSO4","beryllium sulfate"
"7787-56-6","BeSO4•4H2O","beryllium sulfate trihydrate"
"12232-25-6","BeSe","beryllium selenide"
"12232-27-8","BeTe","beryllium telluride"
"506-66-1","Be2C","beryllium carbide"
"13598-00-0","Be2SiO4","beryllium silicate"
"1304-54-7","Be3N2","beryllium nitride"
"13598-15-7","Be3(PO4)2","beryllium phosphate"
"7787-58-8","BiBr3","bismuth(III) bromide"
"25573-24-4","Bi(CHO2)3","bismuth(III) formate"
"813-93-4","BiC6H5O7","bismuth(III) citrate"
"7787-60-2","BiCl3","bismuth(III) chloride"
"7787-61-3","BiF3","bismuth(III) fluoride"
"7787-62-4","BiF5","bismuth(V) fluoride"
"18288-22-7","BiH3","bismuth(III) hydride"
"7787-64-6","BiI3","bismuth(III) iodide"
"12272-28-5","BiNbO4","bismuth(III) orthoniobate"
"7787-57-7","BiOBr","bismuth(III) oxybromide"
"7787-59-9","BiOCl","bismuth(III) oxychloride"
"10361-43-0","Bi(OH)3","bismuth(III) hydroxide"
"7787-63-5","BiOI","bismuth(III) oxyiodide"
"10361-46-3","BiONO3","bismuth(III) oxynitrate"
"5892-10-4","(BiO)2CO3","bismuth(III) subcarbonate"
"10049-01-1","BiPO4","bismuth(III) phosphate"
"12272-29-6","BiTaO4","bismuth(III) orthotantalate"
"14059-33-7","BiVO4","bismuth(III) vanadate"
"6591-55-5","Bi2(C2O4)3","bismuth(III) oxalate"
"51898-99-8","Bi2(MoO4)3","bismuth(III) molybdate"
"1304-76-3","Bi2O3","bismuth(III) oxide"
"12048-50-9","Bi2O4","bismuth(IV) peroxide"
"1345-07-9","Bi2S3","bismuth(III) sulfide"
"12068-69-8","Bi2Se3","bismuth(III) selenide"
"7787-68-0","Bi2(SnO4)3","bismuth(III) stannate"
"1304-82-1","Bi2Te3","bismuth(III) telluride"
"12048-51-0","Bi4(TiO4)3","bismuth(III) titanate"
"1304-85-4","Bi5O(OH)9(NO3)4","bismuth(III) subnitrate"
"22787-71-9","BkBr3","berkelium(III) bromide"
"13536-46-4","BkCl3","berkelium(III) chloride"
"20716-88-5","BkF3","berkelium(III) fluoride"
"22422-27-1","BkF4","berkelium(IV) fluoride"
"23171-53-1","BkI3","berkelium(III) iodide"
"70424-36-1","BkO","berkelium(II) oxide"
"12010-84-3","BkO2","berkelium(IV) oxide"
"12310-58-6","Bk2O3","berkelium(III) oxide"
"13863-41-7","BrCl","bromine monochloride"
"13863-59-7","BrF","bromine monofluoride"
"7787-71-5","BrF3","bromine trifluoride"
"7789-30-2","BrF5","bromine pentafluoride"
"13973-87-0","BrN3","bromine azide"
"21255-83-4","BrO2","bromine dioxide"
"21308-80-5","Br2O","bromine monoxide"
"57-50-1","C12H22O11","sucrose"
"50-37-3","C20H25N30","Lysergic acid diethylamide (LSD)"
"16941-10-9","Ca(AlH4)2","calcium tetrahydroaluminate"
"12042-68-1","CaAl2O4","calcium aluminate"
"12007-99-7","CaB6","calcium boride"
"7789-41-5","CaBr2","calcium bromide"
"544-17-2","Ca(CHO2)2","calcium formate"
"592-01-8","Ca(CN)2","calcium cyanide"
"156-62-7","CaCN2","calcium cyanamide"
"471-34-1","CaCO3","calcium carbonate"
"75-20-7","CaC2","calcium carbide"
"19855-56-2","Ca(C2HO2)2","calcium fumarate"
"62-54-4","Ca(C2H3O2)2","calcium acetate"
"563-72-4","CaC2O4","calcium oxalate"
"4075-81-4","Ca(C3H5O2)2","calcium propionate"
"10137-74-3","Ca(ClO3)2","calcium chlorate"
"13477-36-6","Ca(ClO4)2","calcium perchlorate"
"10043-52-4","CaCl2","calcium chloride"
"7774-34-7","CaCl2•6H2O","calcium chloride hexahydrate"
"7778-54-3","CaCl2O2","calcium hypochlorite"
"14307-33-6","CaCr2O7","calcium chromate"
"7789-75-5","CaF2","calcium fluoride"
"7757-93-9","CaHPO4","calcium hydrogenorthophosphate"
"7789-78-8","CaH2","calcium hydride"
"7789-79-9","Ca(H2PO2)2","calcium hypophosphite"
"7758-23-8","Ca(H2PO4)2","calcium dihydrogen phosphate monohydrate"
"7789-80-2","Ca(IO3)2","calcium iodate"
"10102-68-8","CaI2","calcium iodide"
"10118-76-0","Ca(MnO4)2","calcium permanganate"
"7789-82-4","CaMoO4","calcium molybdate"
"13780-06-8","Ca(NO2)2","calcium nitrite"
"10124-37-5","Ca(NO3)2","calcium nitrate"
"1305-78-8","CaO","calcium oxide"
"1305-62-0","Ca(OH)2","calcium hydroxide"
"1305-79-9","CaO2","calcium peroxide"
"13768-54-2","CaRe2O8","calcium perrhenate"
"20548-54-3","CaS","calcium sulfide"
"7778-18-9","CaSO4","calcium sulfate"
"1305-84-6","CaSe","calcium selenide"
"1344-95-2","CaSiO3","calcium metasilicate"
"12013-56-8","CaSi2","calcium silicide"
"12013-57-9","CaTe","calcium telluride"
"12049-50-2","CaTiO3","calcium titanate"
"7790-75-2","CaWO4","calcium tungstate"
"7790-76-3","Ca2P2O7","calcium pyrophosphate"
"1344-95-2","Ca2SiO4","calcium silicate"
"7778-44-1","Ca3(AsO4)2","calcium arsenate"
"5785-44-4","Ca3(C6H15O7)2","calcium citrate"
"12013-82-0","Ca3N2","calcium nitride"
"7758-87-4","Ca3(PO4)2","calcium phosphate"
"1305-99-3","Ca3P2","calcium phosphide"
"7789-42-6","CdBr2","cadmium bromide"
"542-83-6","Cd(CN)2","cadmium cyanide"
"513-78-0","CdCO3","cadmium carbonate"
"543-90-8","Cd(C2H3O2)2","cadmium acetate"
"814-88-0","CdC2O4","cadmium oxalate"
"10108-64-2","CdCl2","cadmium chloride"
"14312-00-6","CdCrO4","cadmium chromate"
"7790-79-6","CdF2","cadmium fluoride"
"7790-81-0","Cd(IO3)2","cadmium iodate"
"7790-80-9","CdI2","cadmium iodide"
"13972-68-4","CdMoO4","cadmium molybdate"
"10325-94-7","Cd(NO3)2","cadmium nitrate"
"14215-29-3","Cd(N3)2","cadmium azide"
"1306-19-0","CdO","cadmium oxide"
"21041-95-2","Cd(OH)2","cadmium hydroxide"
"1306-23-6","CdS","cadmium sulfide"
"10124-36-4","CdSO4","cadmium sulfate"
"12014-29-8","CdSb","cadmium antimonide"
"1306-24-7","CdSe","cadmium selenide"
"13477-19-5","CdSiO3","cadmium silicate"
"1306-25-8","CdTe","cadmium telluride"
"12014-14-1","CdTiO4","cadmium titanate"
"7790-85-4","CdWO4","cadmium tungstate"
"12187-14-3","Cd2Nb2O7","cadmium niobate"
"12006-15-4","Cd3As2","cadmium arsenide"
"1204-28-7","Cd3P2","cadmium phosphide"
"12380-95-9","Cd3N2","cadmium nitride"
"7790-86-5","CeBr3","cerium(III) bromide"
"3252-51-5","Ce(CHO2)3","cerium(III) formate"
"7790-86-5","CeCl3","cerium(III) chloride"
"22655-57-8","CeF2","cerium(II) fluoride"
"7758-88-5","CeF3","cerium(III) fluoride"
"10060-10-3","CeF4","cerium(IV) fluoride"
"13569-50-1","CeH2","cerium(II) hydride"
"19139-47-0","CeI2","cerium(II) iodide"
"7790-87-6","CeI3","cerium(III) iodide"
"25764-08-3","CeN","cerium(III) nitride"
"1306-38-3","CeO2","cerium(IV) oxide"
"12014-82-3","CeS","cerium(II) sulfide"
"13597-19-8","CeVO2","cerium(III) vanadate"
"15750-47-7","Ce2(C2O4)3","cerium(III) oxalate"
"1306-38-3","Ce2O3","cerium(III) oxide"
"12014-93-6","Ce2S3","cerium(III) sulfide"
"36700-18-2","CfBr2","californium(II) bromide"
"20758-68-3","CfBr3","californium(III) bromide"
"99643-99-9","CfCl2","californium(II) chloride"
"13536-90-8","CfCl3","californium(III) chloride"
"42775-52-0","CfF3","californium(III) fluoride"
"42845-08-9","CfF4","californium(IV) fluoride"
"49774-08-5","CfI2","californium(II) iodide"
"20758-81-0","CfI3","californium(III) iodide"
"12015-10-0","CfO2","californium(IV) oxide"
"12050-91-8","Cf2O3","californium(III) oxide"
"67-68-5","(CH3)2SO","Dimethyl sulfoxide (DMSO)"
"7790-89-8","ClF","chlorine monofluoride"
"7790-91-2","ClF3","chlorine trifluoride"
"13637-63-3","ClF5","chlorine pentafluoride"
"27218-16-2","ClOClO3","chlorine perchlorate"
"7791-21-1","Cl2O","chlorine monoxide"
"10049-04-4","ClO2","chlorine dioxide"
"17496-59-2","Cl2O3","chlorine trioxide"
"12442-63-6","Cl2O6","chlorine hexoxide"
"10294-48-1","Cl2O7","chlorine heptoxide"
"14890-42-7","CmBr3","curium(III) bromide"
"13537-20-7","CmCl3","curium(III) chloride"
"13708-79-7","CmF3","curium(III) fluoride"
"24311-95-3","CmF4","curium(IV) fluoride"
"14696-85-6","CmI3","curium(III) iodide"
"24762-86-5","CmO","curium(II) oxide"
"12016-67-0","CmO2","curium(IV) oxide"
"12371-27-6","Cm2O3","curium(III) oxide"
"74-90-8","Cn","cyanide"
"13820-62-7","CoAl2O4","cobalt(II) aluminate"
"7789-43-7","CoBr2","cobalt(II) bromide"
"542-84-7","Co(CN)2","cobalt(II) cyanide"
"71-48-7","Co(C2H3O2)2","cobalt(II) acetate"
"6147-53-1","Co(C2H3O2)2","cobalt(II) acetate tetrahydrate"
"814-89-1","CoC2O4","cobalt(II) oxalate"
"61789-51-3","Co(C11H10O2)2","cobalt(II) naphthenate"
"21679-46-9","CoC15H21O6","cobalt(III) acetylacetonate"
"13455-31-7","Co(ClO4)2","cobalt(II) perchlorate"
"7646-79-9","CoCl2","cobalt(II) chloride"
"7791-13-1","CoCl2•6H2O","cobalt(II) chloride hexahydrate"
"10241-04-0","CoCl3","cobalt(III) chloride"
"24613-38-5","CoCrO4","cobalt(II) chromate"
"13455-25-9","CoCr2O4","cobalt(II) chromite"
"10026-17-2","CoF2","cobalt(II) fluoride"
"10026-18-3","CoF3","cobalt(III) fluoride"
"13596-45-7","CoF4","cobalt(IV) fluoride"
"15238-00-3","CoI2","cobalt(II) iodide"
"13455-28-2","Co(IO3)2","cobalt(II) iodate"
"13762-14-6","CoMoO4","cobalt(II) molybdate"
"10141-05-6","Co(NO3)2","cobalt(II) nitrate"
"10026-22-9","Co(NO3)2•6H2O","cobalt(II) nitrate hexahydrate"
"15520-84-0","Co(NO3)3","cobalt(III) nitrate"
"1307-96-6","CoO","cobalt(II) oxide"
"21041-93-0","Co(OH)2","cobalt(II) hydroxide"
"1307-86-4","Co(OH)3","cobalt(III) hydroxide"
"1317-42-6","CoS","cobalt(II) sulfide"
"12013-10-4","CoS2","cobalt(IV) sulfide"
"1307-99-9","CoSe","cobalt(II) selenide"
"12017-13-9","CoTe","cobalt(II) telluride"
"12017-01-5","CoTiO3","cobalt(II) titanate"
"12640-47-0","CoWO4","cobalt(II) tungstate"
"1308-04-9","Co2O3","cobalt(III) oxide"
"12016-80-7","Co2O3•H2O","cobalt(III) oxide monohydrate"
"10124-43-3","CoSO4","cobalt(II) sulfate"
"1332-71-4","Co2S3","cobalt(III) sulfide"
"12017-08-2","Co2SiO4","cobalt(II) orthosilicate"
"12139-93-4","Co2SnO4","cobalt(II) stannate"
"12017-38-8","Co2TiO4","cobalt(III) titanate"
"14049-81-1","Co3(Fe(CN)6)2","cobalt(II) ferricyanide"
"10049-25-9","CrBr2","chromium(II) bromide"
"10031-25-1","CrBr3","chromium(III) bromide"
"23098-84-2","CrBr4","chromium(IV) bromide"
"14639-25-9","Cr(C6H4NO2)3","chromium(III) picolinate"
"13007-92-6","Cr(CO)6","chromium(VI) carbonyl"
"10049-05-5","CrCl2","chromium(II) chloride"
"10025-73-7","CrCl3","chromium(III) chloride"
"15597-88-3","CrCl4","chromium(IV) chloride"
"10049-10-2","CrF2","chromium(II) fluoride"
"7788-97-8","CrF3","chromium(III) fluoride"
"10049-11-3","CrF4","chromium(IV) fluoride"
"14884-42-5","CrF5","chromium(V) fluoride"
"13843-28-2","CrF6","chromium(VI) fluoride"
"13478-28-9","CrI2","chromium(II) iodide"
"13569-75-0","CrI3","chromium(III) iodide"
"23518-77-6","CrI4","chromium(IV) iodide"
"12053-27-9","CrN","chromium(III) nitride"
"13548-38-4","Cr(NO3)3","chromium(III) nitrate"
"12018-01-8","CrO2","chromium(IV) oxide"
"1333-82-0","CrO3","chromium(VI) oxide"
"7789-04-0","CrPO4","chromium(III) phosphate"
"12053-13-3","CrSe","chromium(II) selenide"
"7788-96-7","CrO2F2","chromyl fluoride"
"14977-61-8","CrO2Cl2","chromyl chloride"
"1308-38-9","Cr2O3","chromium(III) oxide"
"10101-53-8","Cr2(SO4)3","chromium(III) sulfate"
"12018-22-3","Cr2S3","chromium(III) sulfide"
"12053-39-3","Cr2Te3","chromium(III) telluride"
"12012-35-0","Cr3C2","chromium(II) carbide"
"12018-34-7","Cr3O4","chromium(II,III) oxide"
"92141-86-1","CsBO2","caesium metaborate"
"7787-69-1","CsBr","caesium bromide"
"13454-75-6","CsBrO3","caesium bromate"
"21159-32-0","CsCN","caesium cyanide"
"3399-17-5","CsC2H3O2","caesium acetate"
"7647-17-8","CsCl","caesium chloride"
"13763-67-2","CsClO3","caesium chlorate"
"13454-84-7","CsClO4","caesium perchlorate"
"13400-13-0","CsF","caesium fluoride"
"58724-12-2","CsH","caesium hydride"
"7789-17-5","CsI","caesium iodide"
"13454-81-4","CsIO3","caesium iodate"
"13478-04-1","CsIO4","caesium periodate"
"13456-28-5","CsMnO4","caesium permanganate"
"22205-57-8","CsNH2","caesium amide"
"13454-83-6","CsNO2","caesium nitrite"
"7789-18-6","CsNO3","caesium nitrate"
"22750-57-8","CsN3","caesium azide"
"21351-79-1","CsOH","caesium hydroxide"
"12018-61-0","CsO2","caesium superoxide"
"14644-55-4","CsVO3","caesium vanadate"
"534-17-8","Cs2CO3","caesium carbonate"
"1068-63-9","Cs2C2O4","caesium oxalate"
"15683-21-3","Cs2CdI4","caesium tetraiodocadamate"
"56320-90-2","Cs2CrO4","caesium chromate"
"13597-64-3","Cs2MoO4","caesium molybdate"
"20281-00-9","Cs2O","caesium oxide"
"12053-70-2","Cs2O2","caesium peroxide"
"12214-16-3","Cs2S","caesium sulfide"
"10294-54-9","Cs2SO4","caesium sulfate"
"31052-46-7","Cs2Se","caesium selenide"
"12191-06-9","Cs2Te","caesium telluride"
"13587-19-4","Cs2WO4","caesium tungstate"
"15158-68-6","Cs2ZnI4","caesium tetraiodozincate"
"14735-84-3","Cu(BF4)2","copper(II) tetrafluoroborate"
"393290-85-2","Cu(BO2)2","copper(II) borate"
"7787-70-4","CuBr","copper(I) bromide"
"7789-45-9","CuBr2","copper(II) bromide"
"544-19-4","Cu(CHO2)2","copper(II) formate"
"544-92-3","CuCN","copper(I) cyanide"
"14763-77-0","Cu(CN)2","copper(II) cyanide"
"1117-94-8","CuC2","copper(II) acetylide"
"598-54-9","CuC2H3O2","copper(I) acetate"
"142-71-2","Cu(C2H3O2)2","copper(II) acetate"
"814-91-5","CuC2O4","copper(II) oxalate"
"660-60-6","Cu(C16H35O2)2","copper(II) stearate"
"1120-44-1","Cu(C18H33O2)2","copper(II) oleate"
"7758-89-6","CuCl","copper(I) chloride"
"13770-18-8","Cu(ClO4)2","copper(II) perchlorate"
"7447-39-4","CuCl2","copper(II) chloride"
"10125-13-0","CuCl2•2H2O","copper(II) chloride dihydrate"
"13548-42-0","CuCrO4","copper(II) chromate"
"13478-41-6","CuF","copper(I) fluoride"
"7789-19-7","CuF2","copper(II) fluoride"
"13517-00-5","CuH","copper(I) hydride"
"10290-12-7","CuHAsO3","copper(II) arsenite"
"7681-65-4","CuI","copper(I) iodide"
"13767-34-5","CuMoO4","copper(II) molybdate"
"3251-23-8","Cu(NO3)2","copper(II) nitrate"
"14336-80-2","CuN3","copper(I) azide"
"14215-30-6","Cu(N3)2","copper(II) azide"
"1317-38-0","CuO","copper(II) oxide"
"20427-59-2","Cu(OH)2","copper(II) hydroxide"
"1317-40-4","CuS","copper(II) sulfide"
"1111-67-7","CuSCN","copper(I) thiocyanate"
"7758-98-7","CuSO4","copper(II) sulfate"
"1317-41-5","CuSe","copper(II) selenide"
"12019-23-7","CuTe","copper(II) telluride"
"13587-35-4","CuWO4","copper(II) tungstate"
"1117-94-8","Cu2C2","copper(I) acetylide"
"13601-13-3","Cu2Fe(CN)6","copper(II) ferrocyanide"
"1317-39-1","Cu2O","copper(I) oxide"
"10102-90-6","Cu2P2O7","copper(II) pyrophosphate"
"22205-45-4","Cu2S","copper(I) sulfide"
"20405-64-5","Cu2Se","copper(I) selenide"
"12019-52-2","Cu2Te","copper(I) telluride"
"10103-61-4","Cu3(AsO4)2","copper(II) arsenate"
"12310-43-9","DyB4","dysprosium(II) boride"
"83229-05-4","DyBr2","dysprosium(II) bromide"
"14456-48-5","DyBr3","dysprosium(III) bromide"
"3252-58-2","Dy(CHO2)3","dysprosium(III) formate"
"13767-31-2","DyCl2","dysprosium(II) chloride"
"10025-74-8","DyCl3","dysprosium(III) chloride"
"13569-80-7","DyF3","dysprosium(III) fluoride"
"13537-09-2","DyH3","dysprosium(III) hydride"
"36377-94-3","DyI2","dysprosium(II) iodide"
"15474-63-2","DyI3","dysprosium(III) iodide"
"12019-88-4","DyN","dysprosium(III) nitride"
"12133-07-2","DySi2","dysprosium(II) silicide"
"1308-87-8","Dy2O3","dysprosium(III) oxide"
"12133-10-7","Dy2S3","dysprosium(III) sulfide"
"12310-44-0","ErB4","erbium(III) boride"
"13536-73-7","ErBr3","erbium(III) bromide"
"15331-72-3","Er(CHO2)3","erbium(III) formate"
"10138-41-7","ErCl3","erbium(III) chloride"
"10025-75-9","ErCl3•6H2O","erbium(III) chloride hexahydrate"
"13760-83-3","ErF3","erbium(III) fluoride"
"13550-53-3","ErH3","erbium(III) hydride"
"13813-42-8","ErI3","erbium(III) iodide"
"12020-21-2","ErN","erbium(III) nitride"
"12061-00-6","ErNbO4","erbium(III) niobate"
"12159-66-9","ErS","erbium(II) sulfide"
"12020-39-2","ErTe","erbium(II) telluride"
"13596-17-3","ErVO4","erbium(III) vanadate"
"12061-16-4","Er2O3","erbium(III) oxide"
"13478-49-4","Er2(SO4)3","erbium(III) sulfate"
"12159-66-9","Er2S3","erbium(III) sulfide"
"12020-39-2","Er2Te3","erbium(III) telluride"
"70292-43-2","EsBr2","einsteinium(II) bromide"
"72461-17-7","EsBr3","einsteinium(III) bromide"
"66693-95-6","EsCl2","einsteinium(II) chloride"
"24645-86-1","EsCl3","einsteinium(III) chloride"
"99644-27-6","EsF3","einsteinium(III) fluoride"
"70292-44-3","EsI2","einsteinium(II) iodide"
"99644-28-7","EsI3","einsteinium(III) iodide"
"37362-94-0","Es2O3","einsteinium(III) oxide"
"13780-48-8","EuBr2","europium(II) bromide"
"13759-88-1","EuBr3","europium(III) bromide"
"3252-55-9","Eu(CHO2)3","europium(III) formate"
"13769-20-5","EuCl2","europium(II) chloride"
"10025-76-0","EuCl3","europium(III) chloride"
"14077-39-5","EuF2","europium(II) fluoride"
"13765-25-8","EuF3","europium(III) fluoride"
"22015-35-6","EuI2","europium(II) iodide"
"13759-90-5","EuI3","europium(III) iodide"
"12020-58-5","EuN","europium(III) nitride"
"55216-32-5","Eu(NbO3)2","europium(II) niobate"
"12020-65-4","EuS","europium(II) sulfide"
"12020-66-5","EuSe","europium(II) selenide"
"12434-24-1","EuSi2","europium(II) silicide"
"12020-69-8","EuTe","europium(II) telluride"
"13537-11-6","EuVO4","europium(II) vanadate"
"1308-96-9","Eu2O3","europium(III) oxide"
"13537-15-0","Eu2(SO4)3","europium(III) sulfate"
"7789-26-6","FNO3","fluorine nitrate"
"10049-03-3","FOClO3","fluorine perchlorate"
"7783-41-7","F2O","fluorine monoxide"
"7783-44-0","F2O2","fluorine dioxide"
"7439-89-6","Fe","iron"
"12068-49-4","Fe(AlO2)2","iron(II) aluminate"
"12044-16-5","FeAs","iron(III) arsenic"
"7789-46-0","FeBr2","iron(II) bromide"
"10031-26-2","FeBr3","iron(III) bromide"
"563-71-3","FeCO3","iron(II) carbonate"
"3094-87-9","Fe(C2H3O2)2","iron(II) acetate"
"7758-94-3","FeCl2","iron(II) chloride"
"16399-77-2","FeCl2•2H2O","iron(II) chloride dihydrate"
"13478-10-9","FeCl2•4H2O","iron(II) chloride tetrahydrate"
"7705-08-0","FeCl3","iron(III) chloride"
"10025-77-1","FeCl3•6H2O","iron(III) chloride hexahydrate"
"1308-31-2","FeCr2O4","iron chromite"
"7789-28-8","FeF2","iron(II) fluoride"
"13940-89-1","FeF2•4H2O","iron(II) fluoride tetrahydrate"
"7783-50-8","FeF3","iron(III) fluoride"
"15469-38-2","FeF3•3H2O","iron(III) fluoride trihydrate"
"7783-84-8","Fe(H2PO2)3","iron(III) hypophosphite"
"7783-86-0","FeI2","iron(II) iodide"
"15600-49-4","FeI3","iron(III) iodide"
"13718-70-2","FeMoO4","iron(II) molybdate"
"14013-86-6","Fe(NO3)2","iron(II) nitrate"
"10421-48-4","Fe(NO3)3","ferric nitrate"
"1345-25-1","FeO","iron(II) oxide"
"18624-44-7","Fe(OH)2","iron(II) hydroxide"
"1309-33-7","Fe(OH)3","iron(III) hydroxide"
"10045-86-0","FePO4","iron(III) phosphate"
"1317-37-9","FeS","iron(II) sulfide"
"7720-78-7","FeSO4","iron(II) sulfate"
"1310-32-3","FeSe","iron(II) selenide"
"12125-63-2","FeTe","iron(II) telluride"
"12168-52-4","FeTiO4","iron(II) titanate"
"65842-03-7","Fe(VO3)3","iron(III) metavanadate"
"13870-24-1","FeWO4","iron(II) tungstate"
"19469-07-9","Fe2(C2O4)3","iron(III) oxalate"
"10294-52-7","Fe2(CrO4)3","iron(III) chromate"
"10294-53-8","Fe2(Cr2O7)3","iron(III) dichromate"
"1309-37-1","Fe2O3","iron(III) oxide"
"10028-22-5","Fe2(SO4)3","iron(III) sulfate"
"10179-73-4","Fe2SiO4","iron(II) orthosilicate"
"1317-61-9","Fe3O4","iron(II,III) oxide"
"14940-41-1","Fe3(PO4)2","iron(II) phosphate"
"14038-43-8","Fe4(Fe(CN)6)3","iron(III) ferrocyanide"
"10058-44-3","Fe4(P2O7)3","iron(III) pyrophosphate"
"1303-00-0","GaAs","gallium(III) arsenide"
"13450-88-9","GaBr3","gallium(III) bromide"
"24597-12-4","GaCl2","gallium(II) chloride"
"13450-90-3","GaCl3","gallium trichloride"
"7783-51-9","GaF3","gallium(III) fluoride"
"22886-66-4","GaF3•3H2O","gallium(III) fluoride trihydrate"
"13572-93-5","GaH3","gallium(III) hydride"
"13450-91-4","GaI3","gallium(III) iodide"
"25617-97-4","GaN","gallium(III) nitride"
"13494-90-1","Ga(NO3)3","gallium(III) nitrate"
"12024-08-7","GaO","gallium(II) oxide"
"12023-99-3","Ga(OH)3","gallium(III) hydroxide"
"12063-98-8","GaP","gallium(III) phosphide"
"12024-10-1","GaS","gallium(II) sulfide"
"12064-03-8","GaSb","gallium(III) antimonide"
"12024-11-2","GaSe","gallium(II) selenide"
"12024-14-5","GaTe","gallium(II) telluride"
"24597-12-4","Ga2Cl4","gallium(I,III) chloride"
"12024-20-3","Ga2O","gallium(I) oxide"
"12024-21-4","Ga2O3","gallium(III) oxide"
"12024-22-5","Ga2S3","gallium(III) sulfide"
"13494-91-2","Ga2(SO4)3","gallium(III) sulfate"
"12024-24-7","Ga2Se3","gallium(III) selenide"
"12024-27-0","Ga2Te3","gallium(III) telluride"
"13818-75-2","GdBr3","gadolinium(III) bromide"
"3252-56-0","Gd(CHO2)3","gadolinium(III) formate"
"10138-52-0","GdCl3","gadolinium(III) chloride"
"19423-81-5","GdCl3•6H2O","gadolinium(III) chloride hexahydrate"
"13765-26-9","GdF3","gadolinium(III) fluoride"
"13814-72-7","GdI2","gadolinium(II) iodide"
"13572-98-0","GdI3","gadolinium(III) iodide"
"25764-15-2","GdN","gadolinium(III) nitride"
"12024-81-6","GdSe","gadolinium(II) selenide"
"12134-75-7","GdSi2","gadolinium(II) silicide"
"12064-62-9","Gd2O3","gadolinium(III) oxide"
"12134-77-9","Gd2S3","gadolinium(III) sulfide"
"12160-99-5","Gd2Te3","gadolinium(III) telluride"
"24415-00-7","GeBr2","germanium(II) bromide"
"13450-92-5","GeBr4","germanium(IV) bromide"
"992-91-6","Ge(CH3O)4","germanium(IV) methoxide"
"10060-11-4","GeCl2","germanium(II) chloride"
"10038-98-9","GeCl4","germanium(IV) chloride"
"13940-63-1","GeF2","germanium(II) fluoride"
"7783-58-6","GeF4","germanium(IV) fluoride"
"7782-65-2","GeH4","germanium(IV) hydride"
"13573-08-5","GeI2","germanium(II) iodide"
"13450-95-8","GeI4","germanium(IV) iodide"
"20619-16-3","GeO","germanium(II) oxide"
"1310-53-8","GeO2","germanium(IV) oxide"
"12025-32-0","GeS","germanium(II) sulfide"
"12025-34-2","GeS2","germanium(IV) sulfide"
"12065-10-0","GeSe","germanium(II) selenide"
"12065-11-1","GeSe2","germanium(IV) selenide"
"12025-39-7","GeTe","germanium(II) telluride"
"12065-36-0","Ge3N4","germanium(IV) nitride"
"7732-18-5","H2O","water"
"7664-93-9","H2SO4","sulfuric acid"
"10043-35-3","H3BO3","boric acid"
"12007-23-7","HfB2","hafnium boride"
"13777-22-5","HfBr4","hafnium bromide"
"12069-85-1","HfC","hafnium carbide"
"13499-05-3","HfCl4","hafnium chloride"
"13709-52-9","HfF4","hafnium(IV) fluoride"
"12770-26-2","HfH2","hafnium hydride"
"13779-73-2","HfI3","hafnium iodide"
"25817-87-2","HfN","hafnium nitride"
"12055-23-1","HfO2","hafnium oxide"
"12325-59-6","HfP","hafnium phosphide"
"15823-43-5","Hf(SO4)2","hafnium sulfate"
"18855-94-2","HfS2","hafnium sulfide"
"12162-21-9","HfSe2","hafnium selenide"
"13870-13-8","HfSiO4","hafnium orthosilicate"
"12401-56-8","HfSi2","hafnium silicide"
"7789-47-1","HgBr2","mercury(II) bromide"
"1600-27-7","Hg(C2H3O2)2","mercury(II) acetate"
"7487-94-7","HgCl2","mercury(II) chloride"
"73491-34-6","HgCl2O8","mercury(II) perchlorate"
"7783-39-3","HgF2","mercury(II) fluoride"
"72172-67-9","HgH2","mercury(II) hydride"
"7783-32-6","Hg(IO3)2","mercury(II) iodate"
"7774-29-0","HgI2","mercury(II) iodide"
"10045-94-0","Hg(NO3)2","mercury(II) nitrate"
"21908-53-2","HgO","mercury(II) oxide"
"628-86-4","Hg(ONC)2","mercury(II) fulminate"
"1344-48-5","HgS","mercury(II) sulfide"
"592-85-8","Hg(SCN)2","mercury(II) thiocyanate"
"7783-35-9","HgSO4","mercury(II) sulfate"
"20601-83-6","HgSe","mercury(II) selenide"
"12068-90-5","HgTe","mercury(II) telluride"
"15385-58-7","Hg2Br2","mercury(I) bromide"
"10112-91-1","Hg2Cl2","mercury(I) chloride"
"1396-75-4","Hg2F2","mercury(I) fluoride"
"15385-57-6","Hg2I2","mercury(I) iodide"
"15829-53-5","Hg2O","mercury(I) oxide"
"13825-76-8","HoBr3","holmium bromide"
"3252-59-3","Ho(CHO2)3","holmium formate"
"10138-62-2","HoCl3","holmium chloride"
"13760-78-6","HoF3","holmium fluoride"
"13813-41-7","HoI3","holmium iodide"
"12029-81-1","HoN","holmium nitride"
"12136-24-2","HoSi2","holmium silicide"
"13977-63-4","HoVO4","holmium vanadate"
"12055-62-8","Ho2O3","holmium oxide"
"12162-59-3","Ho2S3","holmium sulfide"
"7789-33-5","IBr","iodine monobromide"
"7790-99-0","ICl","iodine monochloride"
"865-44-1","ICl3","iodine trichloride"
"13873-84-2","IF","iodine monofluoride"
"22520-96-3","IF3","iodine(III) fluoride"
"7783-66-6","IF5","iodine pentafluoride"
"16921-96-3","IF7","iodine heptafluoride"
"14696-82-3","IN3","iodine monoazide"
"12399-08-5","I2O4","diiodine tetroxide"
"12029-98-0","I2O5","diiodine pentoxide"
"1303-11-3","InAs","indium(III) arsenide"
"14280-53-6","InBr","indium(I) bromide"
"21264-43-7","InBr2","indium(II) bromide"
"13465-09-3","InBr3","indium(III) bromide"
"25114-58-3","In(C2H3O2)3","indium(III) acetate"
"13465-10-6","InCl","indium(I) chloride"
"13465-11-7","InCl2","indium(II) chloride"
"10025-82-8","InCl3","indium(III) chloride"
"74508-07-9","InF","indium(I) fluoride"
"7783-52-0","InF3","indium(III) fluoride"
"14166-78-0","InF3•3H2O","indium(III) fluoride trihydrate"
"7783-52-0","InF3•9H2O","indium(III) fluoride nonahydrate"
"13939-13-4","InH","indium(I) hydride"
"13465-10-6","InI","indium(I) iodide"
"13510-35-5","InI3","indium(III) iodide"
"25617-98-5","InN","indium(III) nitride"
"20661-21-6","In(OH)3","indium(III) hydroxide"
"22398-80-7","InP","indium(III) phosphide"
"14693-82-4","InPO4","indium(III) phosphate"
"12030-14-7","InS","indium(II) sulfide"
"1312-41-0","InSb","indium(III) antimonide"
"1312-42-1","InSe","indium(II) selenide"
"12030-19-2","InTe","indium(II) telluride"
"13779-78-7","In2I4","indium(I,III) iodide"
"1312-43-2","In2O3","indium(III) oxide"
"13464-82-9","In2(SO4)3","indium(III) sulfate"
"12030-24-9","In2S3","indium(III) sulfide"
"1312-42-1","In2Se3","indium(III) selenide"
"1312-45-4","In2Te3","indium(III) telluride"
"77791-70-9","IrBr2","iridium(II) bromide"
"10049-24-8","IrBr3","iridium(III) bromide"
"7789-64-2","IrBr4","iridium(IV) bromide"
"13465-17-3","IrCl2","iridium(II) chloride"
"10025-83-9","IrCl3","iridium(III) chloride"
"10025-97-5","IrCl4","iridium(IV) chloride"
"23370-59-4","IrF3","iridium(III) fluoride"
"37501-24-9","IrF4","iridium(IV) fluoride"
"14568-19-5","IrF5","iridium(V) fluoride"
"7783-75-7","IrF6","iridium(VI) fluoride"
"19253-38-4","IrI2","iridium(II) iodide"
"7790-41-2","IrI3","iridium(III) iodide"
"7790-45-6","IrI4","iridium(IV) iodide"
"12030-49-8","IrO2","iridium(IV) oxide"
"30980-84-8","IrO2•2H2O","iridium(IV) oxide dihydrate"
"12030-51-2","IrS2","iridium(IV) sulfide"
"12030-55-6","IrSe2","iridium(IV) selenide"
"12196-62-2","IrTe3","iridium(VI) telluride"
"12030-49-8","Ir2O3","iridium(III) oxide"
"12136-42-4","Ir2S3","iridium(III) sulfide"
"14484-69-6","KAlF4","potassium tetrafluoroaluminate"
"12003-63-3","KAlO2","potassium aluminate"
"14075-53-7","KBF4","potassium fluoroborate"
"7758-02-3","KBr","potassium bromide"
"7758-01-2","KBrO3","potassium bromate"
"2926-27-4","KCHF3O3S","potassium trifluoromethanesulfonate"
"590-29-4","KCHO2","potassium formate"
"865-33-8","KCH3O","potassium methoxide"
"151-50-8","KCN","potassium cyanide"
"590-28-3","KCNO","potassium cyanate"
"127-95-7","KC2HO4","potassium binoxalate"
"127-08-2","KC2H3O2","potassium acetate"
"917-58-8","KC2H5O","potassium ethoxide"
"327-62-8","KC3H5O2","potassium propionate"
"140-89-6","KC3H5S2O","potassium xanthogenate"
"128-03-0","KC3H7NS2","potassium dimethyldithiocarbamate"
"868-14-4","KC4H5O6","potassium bitartrate"
"582-25-2","KC7H5O2","potassium benzoate"
"7447-40-7","KCl","potassium chloride"
"3811-04-9","KClO3","potassium chlorate"
"7778-74-7","KClO4","potassium perchlorate"
"13877-24-2","K2CuCl4","potassium tetrachlorocuprate"
"7789-23-3","KF","potassium fluoride"
"7693-26-7","KH","potassium hydride"
"298-14-6","KHCO3","potassium bicarbonate"
"7789-29-9","K(HF2)","potassium bifluoride"
"7646-93-7","KHSO4","potassium bisulfate"
"7778-77-0","KH2PO4","potassium diphosphate"
"13762-51-1","KH4B","potassium borohydride"
"7681-11-0","KI","potassium iodide"
"7758-05-6","KIO3","potassium iodate"
"7790-21-8","KIO4","potassium periodate"
"7722-64-7","KMnO4","potassium permanganate"
"7758-09-0","KNO2","potassium nitrite"
"7757-79-1","KNO3","potassium nitrate"
"20762-60-1","KN3","potassium azide"
"12030-85-2","KNbO3","potassium niobate"
"1310-58-3","KOH","potassium hydroxide"
"12030-88-5","KO2","potassium superoxide"
"17084-13-8","KPF6","potassium hexafluorophosphate"
"7790-53-6","KPO3","potassium metaphosphate"
"10466-65-6","KReO4","potassium perrhenate"
"10378-50-4","KRuO4","potassium perruthenate"
"333-20-0","KSCN","potassium thiocyanate"
"13769-43-2","KVO3","potassium metavanadate"
"584-08-7","K2CO3","potassium carbonate"
"583-52-8","K2C2O4","potassium oxalate"
"921-53-9","K2C4H6O6","potassium tartrate"
"19147-16-1","K2C6H8O4","potassium adipate"
"7789-00-6","K2CrO4","potassium chromate"
"7778-50-9","K2Cr2O7","potassium dichromate"
"39469-86-8","K2FeO4","potassium ferrate"
"10294-66-3","K2S2O3","potassium thiosulfate"
"12136-45-7","K2O","potassium oxide"
"17014-71-0","K2O2","potassium peroxide"
"10025-98-6","K2PdCl4","potassium tetrachloropalladate"
"18746-63-9","K2RuCl6","potassium hexachlororuthenate"
"1312-73-8","K2S","potassium sulfide"
"7778-80-5","K2SO4","potassium sulfate"
"16731-55-8","K2S2O5","potassium metabisulfite"
"7790-62-7","K2S2O7","potassium pyrosulfate"
"7727-21-1","K2S2O8","potassium persulfate"
"1312-74-9","K2Se","potassium selenide"
"16871-90-2","K2SiF6","potassium hexafluorosilicate"
"10006-28-7","K2SiO4","potassium silicate"
"12142-40-4","K2Te","potassium telluride"
"15571-91-2","K2TeO3","potassium tellurite"
"16919-27-0","K2TiF6","potassium hexafluorotitanate"
"16923-95-8","K2ZrF6","potassium hexafluorozirconate"
"13775-52-5","K3AlF6","potassium hexafluoroaluminate"
"13746-66-2","K3(Fe(CN)6)","potassium ferricyanide"
"7778-53-2","K3PO4","potassium phosphate"
"7320-34-5","K4P2O7","potassium pyrophosphate"
"13773-81-4","KrF2","krypton difluoride"
"71496-78-1","LaAlO3","lanthanum aluminate"
"12008-21-8","LaB6","lanthanum boride"
"13536-79-3","LaBr3","lanthanum bromide"
"2081-11-0","La(CHO2)3","lanthanum formate"
"12071-15-7","LaC2","lanthanum carbide"
"10099-58-8","LaCl3","lanthanum chloride"
"35564-84-2","LaCl3•3H2O","lanthanum chloride trihydrate"
"10025-84-0","LaCl3•7H2O","lanthanum chloride heptahydrate"
"13709-38-1","LaF3","lanthanum fluoride"
"13864-01-2","LaH3","lanthanum hydride"
"13813-22-4","LaI3","lanthanum iodide"
"25764-10-7","LaN","lanthanum nitride"
"12031-17-3","LaNbO4","lanthanum niobate"
"12056-90-5","LaSi2","lanthanum silicide"
"13939-40-7","LaVO4","lanthanum vanadate"
"1312-81-8","La2O3","lanthanum oxide"
"12031-49-1","La2S3","lanthanum sulfide"
"16853-85-3","LiAlH4","lithium tetrahydridoaluminate"
"12003-67-7","LiAlO2","lithium aluminate"
"14283-07-9","LiBF4","lithium tetrafluoroborate"
"16949-15-8","LiBH4","lithium borohydride"
"13453-69-5","LiBO2","lithium metaborate"
"7550-35-8","LiBr","lithium bromide"
"556-63-8","LiCHO2","lithium formate"
"865-34-9","LiCH3O","lithium methoxide"
"553-54-8","LiC7H5O2","lithium benzoate"
"7447-41-8","LiCl","lithium chloride"
"16712-20-2","LiCl•H2O","lithium chloride monohydrate"
"7791-03-9","LiClO4","lithium perchlorate"
"7789-24-4","LiF","lithium fluoride"
"7580-67-8","LiH","lithium hydride"
"10377-51-2","LiI","lithium iodide"
"7790-22-9","LiI•3H2O","lithium iodide trihydrate"
"4111-54-0","LiN(C3H7)2","lithium diisopropylamide"
"7782-89-0","LiNH2","lithium amide"
"7790-69-4","LiNO3","lithium nitrate"
"19597-69-4","LiN3","lithium azide"
"12031-63-9","LiNbO3","lithium niobate"
"1310-65-2","LiOH","lithium hydroxide"
"12136-56-0","LiO2","lithium superoxide"
"21324-40-3","LiPF6","lithium hexafluorophosphate"
"13453-80-0","LiPH2O4","lithium dihydrogenphosphate"
"13768-48-4","LiReO4","lithium perrhenate"
"12031-66-2","LiTaO3","lithium tantalate"
"15060-59-0","LiVO3","lithium metavanadate"
"12007-60-2","Li2B4O7","lithium borate"
"554-13-2","Li2CO3","lithium carbonate"
"13568-40-6","Li2MoO4","lithium molybdate"
"12057-24-8","Li2O","lithium oxide"
"12031-80-0","Li2O2","lithium peroxide"
"12136-58-2","Li2S","lithium sulfide"
"10377-48-7","Li2SO4","lithium sulfate"
"12136-60-6","Li2Se","lithium selenide"
"10102-24-6","Li2SiO3","lithium metasilicate"
"12136-59-3","Li2Te","lithium telluride"
"12031-82-2","Li2TiO3","lithium titanate"
"51222-70-9","Li2ZrO3","lithium zirconate"
"13821-20-0","Li3AlF6","lithium hexafluoroaluminate"
"13478-14-3","Li3AsO4","lithium arsenate"
"919-16-4","Li3C6H5O7","lithium citrate"
"7791-03-9","Li3ClO4","lithium perchlorate"
"26134-62-3","Li3N","lithium nitride"
"10377-52-3","Li3PO4","lithium phosphate"
"12057-30-6","Li3Sb","lithium antimonide"
"12688-52-7","LuB4","lutetium boride"
"14456-53-2","LuBr3","lutetium bromide"
"10099-66-8","LuCl3","lutetium chloride"
"13760-81-1","LuF3","lutetium fluoride"
"13813-45-1","LuI3","lutetium iodide"
"12125-25-6","LuN","lutetium nitride"
"36549-50-5","Lu(NO3)3","lutetium nitrate"
"12032-20-1","Lu2O3","lutetium oxide"
"12163-20-1","Lu2S3","lutetium sulfide"
"12163-22-3","Lu2Te3","lutetium telluride"
"7789-48-2","MgBr2","magnesium bromide"
"13446-53-2","MgBr2•6H2O","magnesium bromide hexahydrate"
"546-93-0","MgCO3","magnesium carbonate"
"556-32-1","Mg(C2H2O2)2","magnesium succinate"
"927-20-8","MgC3H9O6P","magnesium glycerophosphate"
"557-04-0","MgC36H70O4","magnesium stearate"
"10034-81-8","Mg(ClO4)2","magnesium perchlorate"
"7786-30-3","MgCl2","magnesium chloride"
"7783-40-6","MgF2","magnesium fluoride"
"7693-27-8","MgH2","magnesium hydride"
"10377-58-9","MgI2","magnesium iodide"
"10377-60-3","Mg(NO3)2","magnesium nitrate"
"1309-48-4","MgO","magnesium oxide"
"1309-42-8","Mg(OH)2","magnesium hydroxide"
"1335-26-8","MgO2","magnesium peroxide"
"12032-36-9","MgS","magnesium sulfide"
"7487-88-9","MgSO4","magnesium sulfate"
"1313-04-8","MgSe","magnesium selenide"
"14654-06-9","MgSiO3","magnesium silicite"
"71683-38-0","Mg(TcO4)2","magnesium technetate"
"12032-44-9","MgTe","magnesium telluride"
"12032-30-3","MgTiO3","magnesium titanate"
"22831-39-6","Mg2Si","magnesium silicide"
"10103-50-1","Mg3(AsO4)2","magnesium arsenate"
"12057-71-5","Mg3N2","magnesium nitride"
"12057-75-9","Mg3Sb2","magnesium antimonide"
"13446-03-2","MnBr2","manganese(II) bromide"
"638-38-0","Mn(C2H3O2)2","manganese(II) acetate"
"598-62-9","MnCO3","manganese(II) carbonate"
"7773-01-5","MnCl2","manganese(II) chloride"
"13446-34-9","MnCl2•4H2O","manganese(II) chloride tetrahydrate"
"14690-66-5","MnCl3","manganese(III) chloride"
"7782-64-1","MnF2","manganese(II) fluoride"
"7783-53-1","MnF3","manganese(III) fluoride"
"15195-58-1","MnF4","manganese(IV) fluoride"
"7790-33-2","MnI2","manganese(II) iodide"
"98716-23-5","MnI2•4H2O","manganese(II) iodide tetrahydrate"
"10377-66-9","Mn(NO3)2","manganese(II) nitrate"
"1344-43-0","MnO","manganese(II) oxide"
"1313-13-9","MnO2","manganese(IV) oxide"
"18820-29-6","MnS","manganese(II) sulfide"
"10034-96-5","MnSO4","manganese(II) sulfate"
"12032-82-5","MnSb","manganese(III) antimonide"
"1313-22-0","MnSe","manganese(II) selenide"
"12299-98-8","MnSe2","manganese(IV) selenide"
"12032-88-1","MnTe","manganese(II) telluride"
"12032-89-2","MnTe2","manganese(IV) telluride"
"1317-34-6","Mn2O3","manganese(III) oxide"
"12057-92-0","Mn2O7","manganese(VII) oxide"
"1317-35-7","Mn3O4","manganese(II,III) oxide"
"14154-09-7","Mn3(PO4)2","manganese(II) phosphate"
"13446-56-5","MoBr2","molybdenum(II) bromide"
"13446-57-6","MoBr3","molybdenum(III) bromide"
"13520-59-7","MoBr4","molybdenum(IV) bromide"
"13939-06-5","MoC6O6","molybdenum(III) hexacarbonyl"
"13478-17-6","MoCl2","molybdenum(II) chloride"
"13478-18-7","MoCl3","molybdenum(III) chloride"
"13478-18-7","MoCl4","molybdenum(IV) chloride"
"10241-05-1","MoCl5","molybdenum(V) chloride"
"13706-19-9","MoCl6","molybdenum(VI) chloride"
"20193-58-2","MoF3","molybdenum(III) fluoride"
"23412-45-5","MoF4","molybdenum(IV) fluoride"
"13819-84-6","MoF5","molybdenum(V) fluoride"
"7783-77-9","MoF6","molybdenum(VI) fluoride"
"14055-74-4","MoI2","molybdenum(II) iodide"
"14055-75-5","MoI3","molybdenum(III) iodide"
"14055-76-6","MoI4","molybdenum(IV) iodide"
"12033-19-1","MoN","molybdenum(III) nitride"
"12058-07-0","MoO","molybdenum(II) oxide"
"18868-43-4","MoO2","molybdenum(IV) oxide"
"1313-27-5","MoO3","molybdenum(VI) oxide"
"1317-33-5","MoS2","molybdenum(IV) sulfide"
"12058-18-3","MoSe2","molybdenum(IV) selenide"
"12136-78-6","MoSi2","molybdenum(IV) silicide"
"12058-20-7","MoTe2","molybdenum(IV) telluride"
"1313-29-7","Mo2O3","molybdenum(III) oxide"
"12163-73-4","Mo2O5","molybdenum(V) oxide"
"12033-33-9","Mo2S3","molybdenum(III) sulfide"
"15162-90-0","NBr3","nitrogen tribromide"
"10025-85-1","NCl3","nitrogen trichloride"
"7783-54-2","NF3","nitrogen trifluoride"
"7664-41-7","NH3","ammonia"
"12125-02-9","NH4Cl","ammonium chloride"
"1066-33-7","NH4HCO3","ammonium bicarbonate"
"6484-52-2","NH4NO3","ammonium nitrate"
"1336-21-6","NH4OH","ammonium hydroxide"
"7783-20-2","(NH4)2SO4","ammonium sulfate"
"13444-85-4","NI3","nitrogen triiodide"
"10102-43-9","NO","nitrogen monoxide"
"10102-44-0","NO2","nitrogen dioxide"
"13812-43-6","N2F2","dinitrogen difluoride"
"10036-47-2","N2F4","dinitrogen tetrafluoride"
"10024-97-2","N2O","dinitrogen monoxide"
"10544-73-7","N2O3","dinitrogen trioxide"
"10544-72-6","N2O4","dinitrogen tetroxide"
"10102-03-1","N2O5","dinitrogen pentoxide"
"7784-16-9","NaAlCl4","sodium tetracholoraluminate"
"13821-15-3","NaAlF4","sodium tetrafluoroaluminate"
"1302-42-7","NaAlO2","sodium aluminate"
"7784-46-5","NaAsO2","sodium arsenite"
"143-66-8","NaB(C6H5)4","sodium tetraphenylborate"
"13755-29-8","NaBF4","sodium borofluoride"
"25895-60-7","NaBH3CN","sodium cyanoborohydride"
"16940-66-2","NaBH4","sodium borohydride"
"12232-99-4","NaBiO3","sodium bismuthate"
"7647-15-6","NaBr","sodium bromide"
"7789-38-0","NaBrO3","sodium bromate"
"143-33-9","NaCN","sodium cyanide"
"917-61-3","NaCNO","sodium cyanate"
"141-53-7","NaCHO2","sodium formate"
"124-41-4","NaCH3O","sodium methoxide"
"149-44-0","NaCH3SO3","sodium formaldehydesulfoxylate"
"62-74-8","NaC2H3FO2","sodium monofluoroacetate"
"127-09-3","NaC2H3O2","sodium acetate"
"3039-83-6","NaC2H3SO3","sodium ethenesulfonate"
"141-52-6","NaC2H5O","sodium ethoxide"
"7446-81-3","NaC3H3O2","sodium acrylate"
"137-40-6","NaC3H5O2","sodium propionate"
"312-85-6","NaC3H5O3","sodium lactate"
"70161-44-3","NaC3H6NO3","sodium hydromethylglycinate"
"126-96-5","NaC4H7O4","sodium diacetate"
"515-42-4","NaC6H6SO3","sodium benzosulfonate"
"532-32-1","NaC7H5O2","sodium benzoate"
"657-84-1","NaC7H8SO3","sodium tosylate"
"114-70-5","NaC8H7O2","sodium phenylacetate"
"1300-72-7","NaC8H9SO3","sodium xylenesulfonate"
"1984-06-1","NaC8H15O2","sodium caprylate"
"822-16-2","NaC18H36O2","sodium stearate"
"7647-14-5","NaCl","sodium chloride"
"7681-52-9","NaClO","sodium hypochlorite"
"7758-19-2","NaClO2","sodium chlorite"
"7775-09-9","NaClO3","sodium chlorate"
"7601-89-0","NaClO4","sodium perchlorate"
"7681-49-4","NaF","sodium fluoride"
"7646-69-7","NaH","sodium hydride"
"144-55-8","NaHCO3","sodium bicarbonate"
"1333-83-1","NaHF2","sodium bifluoride"
"16721-80-5","NaHS","sodium bisulfide"
"7631-90-5","NaHSO3","sodium bisulfite"
"7681-82-5","NaI","sodium iodide"
"7681-55-2","NaIO3","sodium iodate"
"7790-28-5","NaIO4","sodium periodate"
"7782-92-5","NaNH2","sodium amide"
"7632-00-0","NaNO2","sodium nitrite"
"7631-99-4","NaNO3","sodium nitrate"
"26628-22-8","NaN3","sodium azide"
"12034-09-2","NaNbO3","sodium niobate"
"1310-73-2","NaOH","sodium hydroxide"
"12034-12-7","NaO2","sodium superoxide"
"21324-39-0","NaPF6","sodium hexafluorophosphate"
"50813-16-6","NaPO3","sodium polyphosphate"
"10124-56-8","(NaPO3)6","sodium hexametaphosphate"
"13472-33-8","NaReO4","sodium perrhenate"
"540-72-7","NaSCN","sodium thiocyanate"
"15432-85-6","NaSbO3","sodium antimonate"
"13718-26-8","NaVO3","sodium metavanadate"
"1330-43-4","Na2B4O7","sodium tetraborate"
"497-19-8","Na2CO3","sodium carbonate"
"141-95-7","Na2C3H2O4","sodium malonate"
"6106-24-7","Na2C4H6O6","sodium tartrate"
"7486-38-6","Na2C6H8O4","sodium adipate"
"7775-11-3","Na2CrO4","sodium chromate"
"10163-15-2","Na2FPO3","sodium fluorophosphate"
"7631-94-9","Na2H2S2O6","sodium dithionate"
"7631-95-0","Na2MoO4","sodium molybdate"
"1313-59-3","Na2O","sodium oxide"
"1313-60-6","Na2O2","sodium peroxide"
"1313-82-2","Na2S","sodium sulfide"
"1313-83-3","Na2S•5H2O","sodium sulfide pentahydrate"
"1313-84-4","Na2S•9H2O","sodium sulfide nonahydrate"
"7757-83-7","Na2SO3","sodium sulfite"
"7757-82-6","Na2SO4","sodium sulfate"
"7772-98-7","Na2S2O3","sodium thiosulfate"
"7775-14-6","Na2S2O4","sodium dithionite"
"7681-57-4","Na2S2O5","sodium metabisulfite"
"13870-29-6","Na2S2O7","sodium pyrosulfate"
"7775-27-1","Na2S2O8","sodium persulfate"
"1313-85-5","Na2Se","sodium selenide"
"10102-18-8","Na2SeO3","sodium selenite"
"13410-01-0","Na2SeO4","sodium selenate"
"16893-85-9","Na2SiF6","sodium fluorosilicate"
"6834-92-0","Na2SiO3","sodium silicate"
"12058-66-1","Na2SnO3","sodium stannate"
"12034-41-2","Na2Te","sodium telluride"
"12034-36-5","Na2Ti3O7","sodium metatitanate"
"13472-45-2","Na2WO4","sodium tungstate"
"13775-53-6","Na3AlF6","sodium hexafluoroaluminate"
"14649-73-1","Na3Co(NO2)6","sodium cobaltnitrite"
"7601-54-9","Na3PO4","sodium phosphate"
"12058-86-5","Na3Sb","sodium antimonide"
"13776-84-6","Na3SbS4","sodium thioantimonide"
"13721-39-6","Na3VO4","sodium vanadate"
"868-18-8","Na4C4H4O6","sodium tartrate"
"13601-19-9","Na4FeC6N6","sodium ferrocyanide"
"7722-88-5","Na4P2O7","sodium pyrophosphate"
"1344-09-8","Na4SiO4","sodium orthosilicate"
"7758-29-4","Na5P3O10","sodium tripolyphosphate"
"15752-41-7","NbBr3","niobium(III) bromide"
"13842-75-6","NbBr4","niobium(IV) bromide"
"13478-45-0","NbBr5","niobium(V) bromide"
"12069-94-2","NbC","niobium(IV) carbide"
"13569-59-0","NbCl3","niobium(III) chloride"
"13569-70-5","NbCl4","niobium(IV) chloride"
"10026-12-7","NbCl5","niobium(V) chloride"
"15195-53-6","NbF3","niobium(III) fluoride"
"13842-88-1","NbF4","niobium(IV) fluoride"
"7783-68-8","(NbF5)4","niobium(V) fluoride"
"13870-20-7","NbI3","niobium(III) iodide"
"13870-21-8","NbI4","niobium(IV) iodide"
"13779-92-5","NbI5","niobium(V) iodide"
"24621-21-4","NbN","niobium(III) nitride"
"12034-57-0","NbO","niobium(II) oxide"
"12034-59-2","NbO2","niobium(IV) oxide"
"12136-97-9","NbS2","niobium(IV) sulfide"
"12034-77-4","NbSe2","niobium(IV) selenide"
"12034-78-5","NbSe3","niobium(VI) selenide"
"12034-83-2","NbTe2","niobium(IV) telluride"
"1313-96-8","Nb2O5","niobium(V) oxide"
"59325-04-1","NdBr2","neodymium(II) bromide"
"13536-80-6","NdBr3","neodymium(III) bromide"
"3252-53-7","Nd(CHO2)3","neodymium(III) formate"
"25469-93-6","NdCl2","neodymium(II) chloride"
"10024-93-8","NdCl3","neodymium(III) chloride"
"13709-42-7","NdF3","neodymium(III) fluoride"
"12207-22-6","NdGaO3","neodymium(III) gallate"
"61393-36-0","NdI2","neodymium(II) iodide"
"13813-24-6","NdI3","neodymium(III) iodide"
"25764-11-8","NdN","neodymium(III) nitride"
"10045-95-1","Nd(NO3)3","neodymium(III) nitrate"
"12035-22-2","NdS","neodymium(II) sulfide"
"12035-24-4","NdSe","neodymium(II) selenide"
"12060-53-6","NdTe","neodymium(II) telluride"
"13721-46-5","NdVO4","neodymium(III) vanadate"
"1313-97-9","Nd2O3","neodymium(III) oxide"
"12035-32-4","Nd2S3","neodymium(III) sulfide"
"12035-35-7","Nd2Te3","neodymium(III) telluride"
"27016-75-7","NiAs","nickel(II) arsenide"
"14708-14-6","Ni(BF4)2","nickel(II) fluoborate"
"13462-88-9","NiBr2","nickel(II) bromide"
"557-19-7","Ni(CN)2","nickel(II) cyanide"
"3333-67-3","NiCO3","nickel(II) carbonate"
"13463-39-3","Ni(CO)4","nickel(II) carbonyl"
"373-02-4","Ni(C2H3O2)2","nickel(II) acetate"
"7718-54-9","NiCl2","nickel(II) chloride"
"7791-20-0","NiCl2•6H2O","nickel(II) chloride hexahydrate"
"14721-18-7","NiCrO4","nickel(II) chromate"
"10028-18-9","NiF2","nickel(II) fluoride"
"13462-90-3","NiI2","nickel(II) iodide"
"13138-45-9","Ni(NO3)2","nickel(II) nitrate"
"1313-99-1","NiO","nickel(II) oxide"
"12054-48-7","Ni(OH)2","nickel(II) hydroxide"
"16812-54-7","NiS","nickel(II) sulfide"
"7786-81-4","NiSO4","nickel(II) sulfate"
"12035-52-8","NiSb","nickel(II) antimonide"
"1314-05-2","NiSe","nickel(II) selenide"
"12035-38-0","NiSnO3","nickel(II) stannate"
"12142-88-0","NiTe","nickel(II) telluride"
"12035-39-1","NiTiO3","nickel(II) titanate"
"14177-51-6","NiWO4","nickel(II) tungstate"
"70692-93-2","NiZrO3","nickel(II) zirconate"
"12007-01-1","Ni2B","nickel(III) boride"
"1314-06-3","Ni2O3","nickel(III) oxide"
"12007-02-2","Ni3B","nickel(II) boride"
"12035-72-2","Ni3S2","nickel(III) sulfide"
"20730-39-6","NpBr3","neptunium(III) bromide"
"15608-32-9","NpBr4","neptunium(IV) bromide"
"20737-06-8","NpCl3","neptunium(III) chloride"
"15597-84-9","NpCl4","neptunium(IV) chloride"
"16852-37-2","NpF3","neptunium(III) fluoride"
"14529-88-5","NpF4","neptunium(IV) fluoride"
"31479-18-2","NpF5","neptunium(V) fluoride"
"14521-05-2","NpF6","neptunium(VI) fluoride"
"37501-52-3","NpI3","neptunium(III) iodide"
"12058-90-1","NpN","neptunium(III) nitride"
"12202-03-8","NpO","neptunium(II) oxide"
"12035-79-9","NpO2","neptunium(IV) oxide"
"121433-01-0","Np2O5","neptunium(V) oxide"
"12281-24-2","Np2S3","neptunium(III) sulfide"
"7783-41-7","OF2","oxygen(II) fluoride"
"7783-44-0","O2F2","oxygen(I) fluoride"
"59201-51-3","OsBr3","osmium(III) bromide"
"59201-52-4","OsBr4","osmium(IV) bromide"
"1273-81-0","Os(C5H5)2","osmium(II) cyclopentadienide"
"13444-93-4","OsCl3","osmium(III) chloride"
"114268-63-2","OsCl3•3H2O","osmium(III) chloride trihydrate"
"10026-01-4","OsCl4","osmium(IV) chloride"
"71328-74-0","OsCl5","osmium(V) chloride"
"54120-05-7","OsF4","osmium(IV) fluoride"
"31576-40-6","(OsF5)4","osmium(V) fluoride"
"13768-38-2","OsF6","osmium(VI) fluoride"
"16949-69-2","OsF7","osmium(VII) fluoride"
"18432-81-0","OsF8","osmium(VIII) fluoride"
"76758-38-8","OsI","osmium(I) iodide"
"59201-57-9","OsI2","osmium(II) iodide"
"59201-58-0","OsI3","osmium(III) iodide"
"12036-02-1","OsO2","osmium(IV) oxide"
"20816-12-0","OsO4","osmium(VIII) oxide"
"12137-61-0","OsS2","osmium(IV) sulfide"
"12310-19-9","OsSe2","osmium(IV) selenide"
"12166-21-1","OsTe2","osmium(IV) telluride"
"7789-60-8","PBr3","phosphorus tribromide"
"7789-69-7","PBr5","phosphorus pentabromide"
"7719-12-2","PCl3","phosphorus trichloride"
"10026-13-8","PCl5","phosphorus pentachloride"
"7783-55-3","PF3","phosphorus trifluoride"
"7647-19-0","PF5","phosphorus pentafluoride"
"7803-51-2","PH3","phosphorus trihydride"
"13455-01-1","PI3","phosphorus triiodide"
"7789-59-5","POBr3","phosphorus oxybromide"
"10025-87-3","POCl3","phosphorus oxychloride"
"3982-91-0","PSCl3","phosphorus thiochloride"
"24856-99-3","P2Br4","phosphorus tetrabromide"
"13497-91-1","P2Cl4","phosphorus tetrachloride"
"13824-74-3","P2F4","phosphorus tetrafluoride"
"13445-50-6","P2H4","phosphorus tetrahydride"
"13455-00-0","P2I4","phosphorus tetraiodide"
"1314-56-3","P2O5","phosphorus pentoxide"
"12440-00-5","P4O6","phosphorus hexoxide"
"16752-60-6","P4O10","phosphorus decaoxide"
"1314-51-8","P4S3","phosphorus trisulfide"
"39350-99-7","P4S4","phosphorus tetrasulfide"
"131105-01-6","P4S6","phosphorus hexasulfide"
"15578-16-2","P4S7","phosphorus heptasulfide"
"25070-46-6","P4S9","phosphorus nonasulfide"
"1314-80-3","P4S10","phosphorus pentasulfide"
"1314-86-9","P4Se3","phosphorus triselenide"
"13867-42-0","PaBr4","protactinium(IV) bromide"
"15608-38-5","PaBr5","protactinium(V) bromide"
"13867-41-9","PaCl4","protactinium(IV) chloride"
"13760-41-3","PaCl5","protactinium(V) chloride"
"13842-89-2","PaF4","protactinium(IV) fluoride"
"15192-29-7","PaF5","protactinium(V) fluoride"
"19415-71-5","PaI3","protactinium(III) iodide"
"15513-96-9","PaI4","protactinium(IV) iodide"
"17497-66-4","PaI5","protactinium(V) iodide"
"60936-60-9","PaO","protactinium(II) oxide"
"12036-03-2","PaO2","protactinium(IV) oxide"
"12036-75-8","Pa2O5","protactinium(V) oxide"
"10031-13-7","Pb(AsO4)2","lead(II) arsenite"
"13814-96-5","Pb(BF4)2","lead(II) fluoroborate"
"10031-22-8","PbBr2","lead(II) bromide"
"13701-91-2","PbBr4","lead(IV) bromide"
"811-54-1","Pb(CHO2)2","lead(II) formate"
"592-05-2","Pb(CN)2","lead(II) cyanide"
"598-63-0","PbCO3","lead(II) carbonate"
"301-04-2","Pb(C2H3O2)2","lead(II) acetate"
"546-67-8","Pb(C2H3O2)2","lead(III) acetate"
"814-93-7","PbC2O4","lead(II) oxalate"
"18917-82-3","Pb(C3H5O2)2","lead(II) lactate"
"819-73-8","Pb(C4H7O2)2","lead(II) butanoate"
"1120-46-3","Pb(C18H33O2)2","lead(II) oleate"
"1072-35-1","Pb(C18H35O2)2","lead(II) stearate"
"10294-47-0","Pb(ClO3)2","lead(II) chlorate"
"13453-62-8","Pb(ClO4)2","lead(II) perchlorate"
"7758-95-4","PbCl2","lead(II) chloride"
"13463-30-4","PbCl4","lead(IV) chloride"
"7758-97-6","PbCrO4","lead(II) chromate"
"7783-46-2","PbF2","lead(II) fluoride"
"7783-59-7","PbF4","lead(IV) fluoride"
"10294-58-3","Pb(H2PO2)2","lead(II) hypophosphite"
"15875-18-0","PbH4","lead(IV) hydride"
"25659-31-8","Pb(IO3)2","lead(II) iodate"
"10101-63-0","PbI2","lead(II) iodide"
"10190-55-3","PbMoO4","lead(II) molybdate"
"10099-74-8","Pb(NO3)2","lead(II) nitrate"
"12034-88-7","Pb(NbO3)2","lead(II) niobate"
"1317-36-8","PbO","lead(II) oxide"
"19783-14-3","Pb(OH)2","lead(II) hydroxide"
"1309-60-0","PbO2","lead(IV) oxide"
"1314-87-0","PbS","lead(II) sulfide"
"592-87-0","Pb(SCN)2","lead(II) thiocyanate"
"7446-10-8","PbSO3","lead(II) sulfite"
"7446-14-2","PbSO4","lead(II) sulfate"
"12069-00-0","PbSe","lead(II) selenide"
"7488-51-9","PbSeO3","lead(II) selenite"
"7446-15-3","PbSeO4","lead(II) selenate"
"10099-76-0","PbSiO3","lead(II) metasilicate"
"12065-68-8","PbTa2O6","lead(II) tantalate"
"1314-91-6","PbTe","lead(II) telluride"
"12060-00-3","PbTiO4","lead(II) titanate"
"10099-79-3","Pb(VO3)2","lead(II) metavandate"
"7759-01-5","PbWO4","lead(II) tungstate"
"12060-01-4","PbZrO3","lead(II) zirconate"
"1314-27-8","Pb2O3","lead(II,IV) oxide"
"13566-17-1","Pb2SiO4","lead(II) orthosilicate"
"3687-31-8","Pb3(AsO4)2","lead(II) arsenate"
"13424-46-9","Pb3(N3)2","lead(II) azide"
"1314-41-6","Pb3O4","lead(II,II,IV) oxide"
"7446-27-7","Pb3(PO4)2","lead(II) phosphate"
"13510-89-9","Pb3(SbO4)2","lead(II) antimonate"
"13444-94-5","PdBr2","palladium(II) bromide"
"2035-66-7","Pd(CN)2","palladium(II) cyanide"
"42196-31-6","Pd(C2F3O2)2","palladium(II) trifluoroacetate"
"3375-31-3","Pd(C2H3O2)2","palladium(II) acetate"
"7647-10-1","PdCl2","palladium(II) chloride"
"13444-96-7","PdF2","palladium(II) fluoride"
"13709-55-2","PdF4","palladium(IV) fluoride"
"7790-38-7","PdI2","palladium(II) iodide"
"10102-05-3","Pd(NO3)2","palladium(II) nitrate"
"1314-08-5","PdO","palladium(II) oxide"
"12036-04-3","PdO2","palladium(IV) oxide"
"12125-22-3","PdS","palladium(II) sulfide"
"13566-03-5","PdSO4","palladium(II) sulfate"
"12137-75-6","PdS2","palladium(IV) sulfide"
"12137-76-7","PdSe","palladium(II) selenide"
"60672-19-7","PdSe2","palladium(IV) selenide"
"12037-94-4","PdTe","palladium(II) telluride"
"12037-95-5","PdTe2","palladium(IV) telluride"
"14325-78-1","PmBr3","promethium(III) bromide"
"13779-10-7","PmCl3","promethium(III) chloride"
"12036-32-7","Pm2O3","promethium(III) oxide"
"13536-53-3","PrBr3","praseodymium(III) bromide"
"3252-52-6","Pr(CHO2)3","praseodymium(III) formate"
"10361-79-2","PrCl3","praseodymium(III) chloride"
"59513-11-0","PrF2","praseodymium(II) fluoride"
"13709-46-1","PrF3","praseodymium(III) fluoride"
"15192-24-2","PrF4","praseodymium(IV) fluoride"
"65530-47-4","PrI2","praseodymium(II) iodide"
"13813-23-5","PrI3","praseodymium(III) iodide"
"25764-09-4","PrN","praseodymium(III) nitride"
"12036-05-4","PrO2","praseodymium(IV) oxide"
"12038-06-1","PrS","praseodymium(II) sulfide"
"12038-08-3","PrSe","praseodymium(II) selenide"
"12125-60-9","PrTe","praseodymium(II) telluride"
"12036-32-7","Pr2O3","praseodymium(III) oxide"
"12038-13-0","Pr2S3","praseodymium(III) sulfide"
"12038-12-9","Pr2Te3","praseodymium(III) telluride"
"13455-12-4","PtBr2","platinum(II) bromide"
"25985-07-3","PtBr3","platinum(III) bromide"
"68938-92-1","PtBr4","platinum(IV) bromide"
"592-06-3","Pt(CN)2","platinum(II) cyanide"
"10025-65-7","PtCl2","platinum(II) chloride"
"25909-39-1","PtCl3","platinum(III) chloride"
"13454-96-1","PtCl4","platinum(IV) chloride"
"15869-63-3","PtCl4•5H2O","platinum(IV) chloride pentaahydrate"
"13455-15-7","PtF4","platinum(IV) fluoride"
"13782-84-8","PtF5","platinum(V) fluoride"
"13693-05-5","PtF6","platinum(VI) fluoride"
"7790-39-8","PtI2","platinum(II) iodide"
"68220-29-1","PtI3","platinum(III) iodide"
"7790-46-7","PtI4","platinum(IV) iodide"
"12035-82-4","PtO","platinum(II) oxide"
"1314-15-4","PtO2","platinum(IV) oxide"
"12137-21-2","PtO2•H2O","platinum(IV) oxide monohydrate"
"12038-20-9","PtS","platinum(II) sulfide"
"12038-21-0","PtS2","platinum(IV) sulfide"
"12038-26-5","PtSe2","platinum(IV) selenide"
"12166-00-6","PtTe","platinum(II) telluride"
"12038-29-8","PtTe2","platinum(IV) telluride"
"10025-65-7","Pt6Cl12","platinum(II) chloride"
"15752-46-2","PuBr3","plutonium(III) bromide"
"13569-62-5","PuCl3","plutonium(III) chloride"
"13842-83-6","PuF3","plutonium(III) fluoride"
"13709-56-3","PuF4","plutonium(IV) fluoride"
"13693-06-6","PuF6","plutonium(VI) fluoride"
"17336-52-6","PuH2","plutonium(II) hydride"
"15457-77-9","PuH3","plutonium(III) hydride"
"13813-46-2","PuI3","plutonium(III) iodide"
"12033-54-4","PuN","plutonium(III) nitride"
"12035-83-5","PuO","plutonium(II) oxide"
"12059-95-9","PuO2","plutonium(IV) oxide"
"12038-51-6","PuS","plutonium(II) sulfide"
"12038-56-1","PuS2","plutonium(IV) sulfide"
"23299-88-9","PuSe","plutonium(II) selenide"
"12036-34-9","Pu2O3","plutonium(III) oxide"
"10031-23-9","RaBr2","radium bromide"
"7116-98-5","RaCO3","radium carbonate"
"10025-66-8","RaCl2","radium chloride"
"20610-49-5","RaF2","radium fluoride"
"20610-52-0","RaI2","radium iodide"
"10213-12-4","RaNO3","radium nitrate"
"12143-02-1","RaO","radium oxide"
"98966-86-0","Ra(OH)2","radium hydroxide"
"7446-16-4","RaSO4","radium sulfate"
"17992-02-8","RbAlCl4","rubidium tetrachloroaluminate"
"14484-70-9","RbAlF4","rubidium tetrafluoroaluminate"
"7789-39-1","RbBr","rubidium bromide"
"563-67-7","RbC2H3O2","rubidium acetate"
"66169-93-5","RbC5H7O2","rubidium acetylacetonate"
"7791-11-9","RbCl","rubidium chloride"
"13446-74-7","RbF","rubidium fluoride"
"13446-75-8","RbH","rubidium hydride"
"7790-29-6","RbI","rubidium iodide"
"13446-76-9","RbIO3","rubidium iodate"
"13465-48-0","RbIO4","rubidium periodate"
"13126-12-0","RbNO3","rubidium nitrate"
"1310-82-3","RbOH","rubidium hydroxide"
"12137-25-6","RbO2","rubidium superoxide"
"18088-11-4","Rb2O","rubidium oxide"
"23611-30-5","Rb2O2","rubidium peroxide"
"31083-74-6","Rb2S","rubidium sulfide"
"31052-43-4","Rb2Se","rubidium selenide"
"12210-70-7","Rb2Te","rubidium telluride"
"13569-49-8","ReBr3","rhenium(III) bromide"
"36753-03-4","ReBr4","rhenium(IV) bromide"
"30937-53-2","ReBr5","rhenium(V) bromide"
"13569-63-6","ReCl3","rhenium(III) chloride"
"13569-71-6","ReCl4","rhenium(IV) chloride"
"13596-35-5","ReCl5","rhenium(V) chloride"
"31234-26-1","ReCl6","rhenium(VI) chloride"
"15192-42-4","ReF4","rhenium(IV) fluoride"
"30937-52-1","ReF5","rhenium(V) fluoride"
"10049-17-9","ReF6","rhenium(VI) fluoride"
"17029-21-9","ReF7","rhenium(VII) fluoride"
"15622-42-1","ReI3","rhenium(III) iodide"
"59301-47-2","ReI4","rhenium(IV) iodide"
"12036-09-8","ReO2","rhenium(IV) oxide"
"1314-28-9","ReO3","rhenium(VI) oxide"
"12038-63-0","ReS2","rhenium(IV) sulfide"
"12067-00-4","ReTe2","rhenium(IV) telluride"
"12060-05-8","Re2O3","rhenium(III) oxide"
"1314-68-7","Re2O7","rhenium(VII) oxide"
"12038-67-4","Re2S7","rhenium(VII) sulfide"
"15608-29-4","RhBr3","rhodium(III) bromide"
"10049-07-7","RhCl3","rhodium(III) chloride"
"60804-25-3","RhF3","rhodium(III) fluoride"
"60617-65-4","RhF4","rhodium(IV) fluoride"
"41517-05-9","RhF5","rhodium(V) fluoride"
"13693-07-7","RhF6","rhodium(VI) fluoride"
"15492-38-3","RhI3","rhodium(III) iodide"
"13465-43-5","Rh(NO3)3","rhodium(III) nitrate"
"12137-27-8","RhO2","rhodium(IV) oxide"
"12038-73-2","RhS2","rhodium(IV) sulfide"
"12038-76-5","RhSe2","rhodium(IV) selenide"
"12038-80-1","RhTe2","rhodium(IV) telluride"
"12036-35-0","Rh2O3","rhodium(III) oxide"
"10489-46-0","Rh2(SO4)3","rhodium(III) sulfate"
"12067-06-0","Rh2S3","rhodium(III) sulfide"
"12038-67-4","Rh2S7","rhodium(VII) sulfide"
"59201-36-4","RuBr2","ruthenium(II) bromide"
"14014-88-1","RuBr3","ruthenium(III) bromide"
"22594-69-0","RuC15H21O3","ruthenium(III) acetylacetonate"
"13465-51-5","RuCl2","ruthenium(II) chloride"
"10049-08-8","RuCl3","ruthenium(III) chloride"
"51621-05-7","RuF3","ruthenium(III) fluoride"
"71500-16-8","RuF4","ruthenium(IV) fluoride"
"14521-18-7","RuF5","ruthenium(V) fluoride"
"13693-08-8","RuF6","ruthenium(VI) fluoride"
"59201-41-1","RuI2","ruthenium(II) iodide"
"13896-65-6","RuI3","ruthenium(III) iodide"
"12036-10-1","RuO2","ruthenium(IV) oxide"
"20427-56-9","RuO4","ruthenium(VI) oxide"
"12166-20-0","RuS2","ruthenium(IV) sulfide"
"12166-21-1","RuSe2","ruthenium(IV) selenide"
"12166-21-1","RuTe2","ruthenium(IV) telluride"
"10545-99-0","SCl2","sulfur dichloride"
"13451-08-6","SCl4","sulfur tetrachloride"
"13814-25-0","SF2","sulfur difluoride"
"7783-60-0","SF4","sulfur tetrafluoride"
"2551-62-4","SF6","sulfur hexafluoride"
"13827-32-2","SO","sulfur monoxide"
"7446-09-5","SO2","sulfur dioxide"
"7446-11-9","SO3","sulfur trioxide"
"13172-31-1","S2Br2","disulfur dibromide"
"10025-67-9","S2Cl2","disulfur dichloride"
"10546-01-7","S2F4","disulfur tetrafluoride"
"5714-22-7","S2F10","disulfur decafluoride"
"53280-15-2","S2I2","disulfur diiodide"
"20901-21-7","S2O","disulfur monoxide"
"28950-34-7","S4N4","tetrasulfur tetranitride"
"7789-61-9","SbBr3","antimony tribromide"
"7791-16-4","SbCl2F3","antimony dichlorotrifluoride"
"10025-91-9","SbCl3","antimony trichloride"
"7647-18-9","SbCl5","antimony pentachloride"
"7783-56-4","SbF3","antimony trifluoride"
"7783-70-2","SbF5","antimony pentafluoride"
"7803-52-3","SbH3","antimony trihydride"
"7790-44-5","SbI3","antimony triiodide"
"12333-57-2","SbN","antimony trinitride"
"35600-19-2","SbNbO4","antimony orthoniobate"
"1309-64-4","Sb2O3","antimony trioxide"
"1332-81-6","Sb2O4","antimony tetroxide"
"1314-60-9","Sb2O5","antimony pentoxide"
"7446-32-4","Sb2(SO4)3","antimony trisulfate"
"1345-04-6","Sb2S3","antimony trisulfide"
"1315-04-4","Sb2S5","antimony pentasulfide"
"1315-05-5","Sb2Se3","antimony triselenide"
"1327-50-0","Sb2Te3","antimony tritelluride"
"13465-59-3","ScBr3","scandium(III) bromide"
"144026-79-9","Sc(CF3SO3)3","scandium(III) trifluoromethanesulfonate"
"23405-01-8","Sc(CHO2)3","scandium(III) formate"
"10361-84-9","ScCl3","scandium(III) chloride"
"13709-47-2","ScF3","scandium(III) fluoride"
"13598-30-6","ScH2","scandium(II) hydride"
"43238-07-9","ScH3","scandium(III) hydride"
"14474-33-0","ScI3","scandium(III) iodide"
"13465-60-6","Sc(NO3)3","scandium(III) nitrate"
"12060-08-1","Sc2O3","scandium(III) oxide"
"12166-29-9","Sc2S3","scandium(III) sulfide"
"12166-44-8","Sc2Te3","scandium(III) telluride"
"17655-37-7","SeBr","selenium bromide"
"22987-45-7","SeBr2","selenium dibromide"
"7789-65-3","SeBr4","selenium tetrabromide"
"14457-70-6","SeCl2","selenium dichloride"
"10026-03-6","SeCl4","selenium tetrachloride"
"70421-43-1","SeF2","selenium difluoride"
"13465-66-2","SeF4","selenium tetrafluoride"
"7783-79-1","SeF6","selenium hexafluoride"
"7789-51-7","SeOBr2","selenium oxybromide"
"7791-23-3","SeOCl2","selenium oxychloride"
"7446-08-4","SeO2","selenium dioxide"
"14984-81-7","SeO2F2","selenium dioxydifluoride"
"13768-86-0","SeO3","selenium trioxide"
"7446-34-6","SeS","selenium monosulfide"
"7488-56-4","SeS2","selenium disulfide"
"75926-26-0","Se2S6","selenium hexasulfide"
"12007-81-7","SiB4","silicon boride"
"7789-66-4","SiBr4","silicon bromide"
"409-21-2","SiC","silicon carbide"
"10026-04-7","SiCl4","silicon chloride"
"7783-61-1","SiF4","silicon fluoride"
"7803-62-5","SiH4","silicon hydride"
"13465-84-4","SiI4","silicon iodide"
"14808-60-7","SiO2","silicon dioxide"
"13759-10-9","SiS2","silicon sulfide"
"12033-89-5","Si3N4","silicon nitride"
"50801-97-3","SmBr2","samarium(II) bromide"
"13759-87-0","SmBr3","samarium(III) bromide"
"3252-54-8","Sm(CHO2)3","samarium(III) formate"
"13874-75-4","SmCl2","samarium(II) chloride"
"10361-82-7","SmCl3","samarium(III) chloride"
"15192-17-3","SmF2","samarium(II) fluoride"
"13765-24-7","SmF3","samarium(III) fluoride"
"32248-43-4","SmI2","samarium(II) iodide"
"13813-25-7","SmI3","samarium(III) iodide"
"12060-58-1","Sm2O3","samarium(III) oxide"
"12067-22-0","Sm2S3","samarium(III) sulfide"
"12039-56-4","Sm2Se3","samarium(III) selenide"
"12040-00-5","Sm2Te3","samarium(III) telluride"
"13814-97-6","Sn(BF4)2","tin(II) fluoroborate"
"10031-24-0","SnBr2","tin(II) bromide"
"7789-67-5","SnBr4","tin(IV) bromide"
"814-94-8","SnC2O4","tin(II) oxalate"
"7772-99-8","SnCl2","tin(II) chloride"
"7646-78-8","SnCl4","tin(IV) chloride"
"7783-47-3","SnF2","tin(II) fluoride"
"7783-62-2","SnF4","tin(IV) fluoride"
"2406-52-2","SnH4","tin(IV) hydride"
"10294-70-9","SnI2","tin(II) iodide"
"7790-47-8","SnI4","tin(IV) iodide"
"21651-19-4","SnO","tin(II) oxide"
"18282-10-5","SnO2","tin(IV) oxide"
"1314-95-0","SnS","tin(II) sulfide"
"7488-55-3","SnSO4","tin(II) sulfate"
"1315-01-1","SnS2","tin(IV) sulfide"
"1315-06-6","SnSe","tin(II) selenide"
"20770-09-6","SnSe2","tin(IV) selenide"
"12040-02-7","SnTe","tin(II) telluride"
"12004-37-4","SrAlO3","strontium aluminate"
"13703-84-9","SrB2O4","strontium metaborate"
"12046-54-7","SrB6","strontium boride"
"10476-81-0","SrBr2","strontium bromide"
"7789-53-9","SrBr2•6H2O","strontium bromide hexahydrate"
"543-94-2","Sr(C2H3O2)2","strontium acetate"
"1633-05-2","SrCO3","strontium carbonate"
"10476-85-4","SrCl2","strontium chloride"
"7789-06-2","SrCrO4","strontium chromate"
"7783-48-4","SrF2","strontium fluoride"
"13598-33-9","SrH2","strontium hydride"
"10476-86-5","SrI2","strontium iodide"
"13470-04-7","SrMoO4","strontium molybdate"
"13470-06-9","Sr(NO2)2","strontium nitrite"
"10042-76-9","Sr(NO3)2","strontium nitrate"
"1314-11-0","SrO","strontium oxide"
"18480-07-4","Sr(OH)2","strontium hydroxide"
"1314-18-7","SrO2","strontium peroxide"
"1314-96-1","SrS","strontium sulfide"
"18807-10-8","SrSCN","strontium thiocyanate"
"13451-02-0","SrSO3","strontium sulfite"
"13845-16-4","SrS2O6","strontium dithionate"
"1315-07-7","SrSe","strontium selenide"
"7446-21-1","SrSeO4","strontium selenate"
"12712-63-9","SrSiO4","strontium silicate"
"12143-34-9","SrSnO3","strontium stannate"
"12060-59-2","SrTiO3","strontium titanate"
"13451-05-3","SrWO4","strontium tungstate"
"12036-39-4","SrZrO3","strontium zirconate"
"12504-16-4","Sr3P2","strontium phosphide"
"12004-76-1","TaAl3","tantalum(III) aluminide"
"13842-73-4","TaBr3","tantalum(III) bromide"
"13842-76-7","TaBr4","tantalum(IV) bromide"
"13451-11-1","TaBr5","tantalum(V) bromide"
"12070-06-3","TaC","tantalum(IV) carbide"
"13569-67-0","TaCl3","tantalum(III) chloride"
"13569-72-7","TaCl4","tantalum(IV) chloride"
"7721-01-9","TaCl5","tantalum(V) chloride"
"13814-17-0","TaF3","tantalum(III) fluoride"
"7783-71-3","TaF5","tantalum(V) fluoride"
"14693-80-2","TaI4","tantalum(IV) iodide"
"14693-81-3","TaI5","tantalum(V) iodide"
"12033-62-4","TaN","tantalum(III) nitride"
"12035-90-4","TaO","tantalum(II) oxide"
"12036-14-5","TaO2","tantalum(IV) oxide"
"41203-00-3","TaS","tantalum(II) sulfide"
"12143-72-5","TaS2","tantalum(IV) sulfide"
"12039-55-3","TaSe2","tantalum(IV) selenide"
"12039-79-1","TaSi2","tantalum(IV) silicide"
"12067-66-2","TaTe2","tantalum(IV) telluride"
"12026-09-4","Ta2H","tantalum hydride"
"1314-61-0","Ta2O5","tantalum(V) oxide"
"14456-47-4","TbBr3","terbium(III) bromide"
"3252-57-1","Tb(CHO2)3","terbium(III) formate"
"10042-88-3","TbCl3","terbium(III) chloride"
"107949-15-5","TbF2","terbium(II) fluoride"
"13708-63-9","TbF3","terbium(III) fluoride"
"36781-15-4","TbF4","terbium(IV) fluoride"
"13813-40-6","TbI3","terbium(III) iodide"
"12033-64-6","TbN","terbium(III) nitride"
"12036-15-6","TbO2","terbium(IV) oxide"
"12039-80-4","TbSi2","terbium(IV) silicide"
"12036-41-8","Tb2O3","terbium(III) oxide"
"12138-11-3","Tb2S3","terbium(III) sulfide"
"12166-48-2","Tb2Se3","terbium(III) selenide"
"74078-05-0","TcBr4","technetium(IV) bromide"
"14215-13-5","TcCl4","technetium(IV) chloride"
"31227-43-7","TcCl6","technetium(VI) chloride"
"31052-14-9","TcF5","technetium(V) fluoride"
"13842-93-8","TcF6","technetium(VI) fluoride"
"12036-16-7","TcO2","technetium(IV) oxide"
"34312-50-0","TcS2","technetium(IV) sulfide"
"12165-21-8","Tc2O7","technetium(VII) oxide"
"7789-54-0","TeBr2","tellurium dibromide"
"10031-27-3","TeBr4","tellurium tetrabromide"
"10025-71-5","TeCl2","tellurium dichloride"
"10026-07-0","TeCl4","tellurium tetrachloride"
"15192-26-4","TeF4","tellurium tetrafluoride"
"7783-80-4","TeF6","tellurium hexafluoride"
"12600-42-9","TeI","tellurium monoiodide"
"7790-48-9","TeI4","tellurium tetraiodide"
"13451-17-7","TeO","tellurium monoxide"
"7446-07-3","TeO2","tellurium dioxide"
"13451-18-8","TeO3","tellurium trioxide"
"7446-07-3","TeS2","tellurium disulfide"
"13453-49-1","ThBr4","thorium(IV) bromide"
"12012-16-7","ThC","thorium(IV) carbide"
"19024-62-5","Th(CO3)2","thorium(II) carbonate"
"10026-08-1","ThCl4","thorium(IV) chloride"
"13842-84-7","ThF3","thorium(III) fluoride"
"13709-59-6","ThF4","thorium(IV) fluoride"
"16689-88-6","ThH2","thorium(II) hydride"
"13779-95-8","ThI2","thorium(II) iodide"
"13779-96-9","ThI3","thorium(III) iodide"
"7790-49-0","ThI4","thorium(IV) iodide"
"12033-65-7","ThN","thorium(III) nitride"
"13823-29-5","Th(NO3)4","thorium(IV) nitrate"
"1314-20-1","ThO2","thorium(IV) oxide"
"12039-06-4","ThS","thorium(II) sulfide"
"12138-07-7","ThS2","thorium(IV) sulfide"
"60763-24-8","ThSe2","thorium(IV) selenide"
"14553-44-7","ThSiO4","thorium(IV) orthosilicate"
"12067-54-8","ThSi2","thorium(IV) silicide"
"12286-35-0","Th2S3","thorium(III) sulfide"
"13783-04-5","TiBr2","titanium(II) bromide"
"13135-31-4","TiBr3","titanium(III) bromide"
"7789-68-6","TiBr4","titanium(IV) bromide"
"12070-08-5","TiC","titanium(IV) carbide"
"3087-36-3","TiC8H20O4","titanium(IV) ethoxide"
"10049-06-6","TiCl2","titanium(II) chloride"
"7705-07-9","TiCl3","titanium(III) chloride"
"7550-45-0","TiCl4","titanium(IV) chloride"
"13814-20-5","TiF2","titanium(II) fluoride"
"13470-08-1","TiF3","titanium(III) fluoride"
"7783-63-3","TiF4","titanium(IV) fluoride"
"7704-98-5","TiH2","titanium(II) hydride"
"13783-07-8","TiI2","titanium(II) iodide"
"13783-08-9","TiI3","titanium(III) iodide"
"7720-83-4","TiI4","titanium(IV) iodide"
"25583-20-4","TiN","titanium(III) nitride"
"12137-20-1","TiO","titanium(II) oxide"
"13463-67-7","TiO2","titanium(IV) oxide"
"12037-65-9","TiP","titanium(III) phosphide"
"15578-51-5","Ti3(PO4)4","titanium(IV) phosphate"
"12039-07-5","TiS","titanium(II) sulfide"
"18130-44-4","Ti(SO4)2","titanium(IV) sulfate"
"12039-13-3","TiS2","titanium(IV) sulfide"
"12039-83-7","TiSi2","titanium(IV) silicide"
"1344-54-3","Ti2O3","titanium(III) oxide"
"10343-61-0","Ti2(SO4)3","titanium(III) sulfate"
"12039-16-6","Ti2S3","titanium(III) sulfide"
"12065-65-5","Ti3O5","titanium(III,IV) oxide"
"7789-40-4","TlBr","thallium(I) bromide"
"992-98-3","TlCHO2","thallium(I) formate"
"13453-34-4","TlCN","thallium(I) cyanide"
"563-68-8","TlC2H3O2","thallium(I) acetate"
"20398-06-5","TlC2H5O","thallium(I) ethoxide"
"7791-12-0","TlCl","thallium(I) chloride"
"13453-30-0","TlClO3","thallium(I) chlorate"
"13453-40-2","TlClO4","thallium(I) perchlorate"
"15230-71-4","TlCl2","thallium(II) chloride"
"13453-32-2","TlCl3","thallium(III) chloride"
"7789-27-7","TlF","thallium(I) fluoride"
"7783-57-5","TlF3","thallium(III) fluoride"
"7790-30-9","TlI","thallium(I) iodide"
"14767-09-0","TlIO3","thallium(III) iodate"
"60488-29-1","TlI3","thallium(I) triiodide"
"10102-45-1","TlNO3","thallium(I) nitrate"
"13746-98-0","Tl(NO3)3","thallium(III) nitrate"
"12026-06-1","TlOH","thallium(I) hydroxide"
"60969-19-9","TlPF6","thallium(I) hexafluorophosphate"
"13453-28-6","Tl2Br4","thallium(I,III) bromide"
"6533-73-9","Tl2CO3","thallium(I) carbonate"
"30737-24-7","Tl2C2O4","thallium(I) oxalate"
"34128-09-1","Tl2MoO4","thallium(I) molybdate"
"1314-12-1","Tl2O","thallium(I) oxide"
"1314-32-5","Tl2O3","thallium(III) oxide"
"1314-97-2","Tl2S","thallium(I) sulfide"
"7446-18-6","Tl2SO4","thallium(I) sulfate"
"15572-25-5","Tl2Se","thallium(I) selenide"
"7446-22-2","Tl2SeO4","thallium(I) selenate"
"12040-13-0","Tl2Te","thallium(I) telluride"
"64171-97-7","TmBr2","thulium(II) bromide"
"14456-51-0","TmBr3","thulium(III) bromide"
"22852-11-5","TmCl2","thulium(II) chloride"
"13778-39-7","TmCl2•7H2O","thulium(II) chloride heptahydrate"
"13537-18-3","TmCl3","thulium(III) chloride"
"13760-79-7","TmF3","thulium(III) fluoride"
"60864-26-8","TmI2","thulium(II) iodide"
"13813-43-9","TmI3","thulium(III) iodide"
"97086-52-7","Tm(NbO3)2","thulium(II) niobate"
"12036-44-1","Tm2O3","thulium(III) oxide"
"12166-30-2","Tm2S3","thulium(III) sulfide"
"13470-19-4","UBr3","uranium(III) bromide"
"13470-20-7","UBr4","uranium(IV) bromide"
"13775-16-1","UBr5","uranium(V) bromide"
"12070-09-6","UC","uranium(IV) carbide"
"12071-33-9","UC2","uranium(VI) carbide"
"10025-93-1","UCl3","uranium(III) chloride"
"10026-10-5","UCl4","uranium(IV) chloride"
"13470-21-8","UCl5","uranium(V) chloride"
"13763-23-0","UCl6","uranium(VI) chloride"
"13775-06-9","UF3","uranium(III) fluoride"
"10049-14-6","UF4","uranium(IV) fluoride"
"13775-07-0","UF5","uranium(V) fluoride"
"7783-81-5","UF6","uranium(VI) fluoride"
"13598-56-6","UH3","uranium(III) hydride"
"13775-18-3","UI3","uranium(III) iodide"
"13470-22-9","UI4","uranium(IV) iodide"
"25658-43-9","UN","uranium(III) nitride"
"13598-56-6","UO","uranium(II) oxide"
"1344-57-6","UO2","uranium(IV) oxide"
"10102-06-4","UO2(NO3)2","uranyl nitrate"
"1344-58-7","UO3","uranium(VI) oxide"
"12039-11-1","US","uranium(II) sulfide"
"12138-23-7","USe3","uranium(VI) selenide"
"12138-37-3","UTe2","uranium(IV) telluride"
"12040-18-5","UTe3","uranium(VI) telluride"
"12065-66-6","U2O5","uranium(V) oxide"
"12138-13-5","U2S3","uranium(II) sulfide"
"12033-85-1","U3N2","uranium(II) nitride"
"1344-59-8","U3O8","uranium(V,VI) oxide"
"12037-15-9","U4O9","uranium(IV,V) oxide"
"14890-41-6","VBr2","vanadium(II) bromide"
"13470-26-3","VBr3","vanadium(III) bromide"
"13595-30-7","VBr4","vanadium(IV) bromide"
"12070-10-9","VC","vanadium(IV) carbide"
"10580-52-6","VCl2","vanadium(II) chloride"
"7718-98-1","VCl3","vanadium(III) chloride"
"7632-51-1","VCl4","vanadium(IV) chloride"
"13842-80-3","VF2","vanadium(II) fluoride"
"10049-12-4","VF3","vanadium(III) fluoride"
"10049-16-8","VF4","vanadium(IV) fluoride"
"7783-72-4","VF5","vanadium(V) fluoride"
"13966-93-3","VH","vanadium(I) hydride"
"15513-84-5","VI2","vanadium(II) iodide"
"15513-94-7","VI3","vanadium(III) iodide"
"15831-18-2","VI4","vanadium(IV) iodide"
"24646-85-3","VN","vanadium(III) nitride"
"12035-98-2","VO","vanadium(II) oxide"
"7727-18-6","VOCl3","vanadium(V) oxytrichloride"
"13709-31-4","VOF3","vanadium(V) oxytrifluoride"
"12036-21-4","VO2","vanadium(IV) oxide"
"27774-13-6","VOSO4","vanadyl sulfate"
"12166-28-8","VS2","vanadium(IV) sulfide"
"12299-51-3","VSe2","vanadium(IV) selenide"
"12039-87-1","VSi2","vanadium(IV) silicide"
"35515-91-4","VTe2","vanadium(IV) telluride"
"1314-34-7","V2O3","vanadium(III) oxide"
"1314-62-1","V2O5","vanadium(V) oxide"
"13701-70-7","V2(SO4)3","vanadium(III) sulfate"
"1315-03-3","V2S3","vanadium(III) sulfide"
"12039-76-8","V3Si","vanadium(II) silicide"
"13470-10-5","WBr2","tungsten(II) bromide"
"15163-24-3","WBr3","tungsten(III) bromide"
"14055-81-3","WBr4","tungsten(IV) bromide"
"13470-11-6","WBr5","tungsten(V) bromide"
"13701-86-5","WBr6","tungsten(VI) bromide"
"12070-12-1","WC","tungsten(IV) carbide"
"13470-12-7","WCl2","tungsten(II) chloride"
"20193-56-0","WCl3","tungsten(III) chloride"
"13470-13-8","WCl4","tungsten(IV) chloride"
"13470-14-9","WCl5","tungsten(V) chloride"
"13283-01-7","WCl6","tungsten(VI) chloride"
"13766-47-7","WF4","tungsten(IV) fluoride"
"19357-83-6","WF5","tungsten(V) fluoride"
"7783-82-6","WF6","tungsten(VI) fluoride"
"13470-17-2","WI2","tungsten(II) iodide"
"15513-69-6","WI3","tungsten(III) iodide"
"14055-84-6","WI4","tungsten(IV) iodide"
"20213-56-3","WOBr3","tungsten(V) oxytribromide"
"13520-77-9","WOBr4","tungsten(VI) oxytetrabromide"
"14249-98-0","WOCl3","tungsten(V) oxytrichloride"
"13520-78-0","WOCl4","tungsten(VI) oxytetrachloride"
"13520-79-1","WOF4","tungsten(VI) oxytetrafluoride"
"12036-22-5","WO2","tungsten(IV) oxide"
"13520-75-7","WO2Br2","tungsten(VI) dioxydibromide"
"13520-76-8","WO2Cl2","tungsten(VI) dioxydichloride"
"14447-89-3","WO2I2","tungsten(VI) dioxydiiodide"
"1314-35-8","WO3","tungsten(VI) oxide"
"12138-09-9","WS2","tungsten(IV) sulfide"
"12125-19-8","WS3","tungsten(VI) sulfide"
"12067-46-8","WSe2","tungsten(IV) selenide"
"12039-88-2","WSi2","tungsten(IV) silicide"
"12067-76-4","WTe2","tungsten(IV) telluride"
"16757-14-5","XeF","xenon monofluoride"
"13709-36-9","XeF2","xenon difluoride"
"13709-61-0","XeF4","xenon tetrafluoride"
"13693-09-9","XeF6","xenon hexafluoride"
"13774-85-1","XeOF4","xenon oxytetrafluoride"
"13875-06-4","XeO2F2","xenon dioxydifluoride"
"13776-58-4","XeO3","xenon trioxide"
"12340-14-6","XeO4","xenon tetroxide"
"12255-48-0","YAs","yttrium(III) arsenide"
"12008-32-1","YB6","yttrium(III) boride"
"13469-98-2","YBr3","yttrium(III) bromide"
"15331-71-2","Y(CHO2)3","yttrium(III) formate"
"12071-35-1","YC2","yttrium(II) carbide"
"52093-30-8","Y(CF3SO3)3","yttrium(III) trifluoromethanesulfonate"
"10361-92-9","YCl3","yttrium(III) chloride"
"13709-49-4","YF3","yttrium(III) fluoride"
"13598-35-1","YH2","yttrium(II) hydride"
"13598-57-7","YH3","yttrium(III) hydride"
"13470-38-7","YI3","yttrium(III) iodide"
"25764-13-0","YN","yttrium(III) nitride"
"12294-01-8","YP","yttrium(III) phosphide"
"12186-97-9","YSb","yttrium(III) antimonide"
"13566-12-6","YVO4","yttrium(III) vanadate"
"1314-36-9","Y2O3","yttrium(III) oxide"
"12039-19-9","Y2S3","yttrium(III) sulfide"
"25502-05-0","YbBr2","ytterbium(II) bromide"
"13759-89-2","YbBr3","ytterbium(III) bromide"
"13874-77-6","YbCl2","ytterbium(II) chloride"
"10361-91-8","YbCl3","ytterbium(III) chloride"
"19423-87-1","YbCl3•6H2O","ytterbium(III) chloride hexahydrate"
"15192-18-4","YbF2","ytterbium(II) fluoride"
"13760-80-0","YbF3","ytterbium(III) fluoride"
"19357-86-9","YbI2","ytterbium(II) iodide"
"13813-44-0","YbI3","ytterbium(III) iodide"
"12039-54-2","YbSe","ytterbium(II) selenide"
"12039-89-3","YbSi5","ytterbium(V) silicide"
"12125-58-5","YbTe","ytterbium(II) telluride"
"1314-37-0","Yb2O3","ytterbium(III) oxide"
"12039-20-2","Yb2S3","ytterbium(III) sulfide"
"12166-52-8","Yb2Se3","ytterbium(III) selenide"
"10326-24-6","Zn(AsO2)2","zinc arsenite"
"12006-40-5","Zn(AsO3)2","zinc arsenate"
"7699-45-8","ZnBr2","zinc bromide"
"557-21-1","Zn(CN)2","zinc cyanide"
"3486-35-9","ZnCO3","zinc carbonate"
"557-34-6","Zn(C2H3O2)2","zinc acetate"
"547-68-2","ZnC2O4","zinc oxalate"
"1300-26-1","ZnC3H7O6P","zinc glycerophosphate"
"52723-61-2","ZnC4H2O4","zinc fumarate"
"6228-53-1","ZnC4H4O4","zinc succinate"
"557-28-8","ZnC6H10O4","zinc propionate"
"16039-53-5","ZnC6H10O6","zinc lactate"
"137-30-4","ZnC6H12N2S4","zinc dimethyldithiocarbonate"
"557-09-5","Zn(C8H15O2)2","zinc caprylate"
"14324-55-1","ZnC10H20N2S4","zinc dimethyldithiocarbamate"
"557-05-1","Zn(C18H35O2)2","zinc stearate"
"10361-95-2","Zn(ClO3)2","zinc chlorate"
"10025-64-6","Zn(ClO4)2","zinc perchlorate"
"7646-85-7","ZnCl2","zinc chloride"
"13530-65-9","ZnCrO4","zinc chromate"
"12018-19-8","ZnCr2O4","zinc chromite"
"14018-95-2","ZnCr2O7","zinc dichromate"
"7783-49-5","ZnF2","zinc fluoride"
"14018-82-7","ZnH2","zinc hydride"
"7790-37-6","Zn(IO3)2","zinc iodate"
"10139-47-6","ZnI2","zinc iodide"
"23414-72-4","Zn(MnO4)2","zinc permanganate"
"13767-32-3","ZnMoO4","zinc molybdate"
"10102-02-0","Zn(NO2)2","zinc nitrite"
"7779-88-6","Zn(NO3)2","zinc nitrate"
"1314-13-2","ZnO","zinc oxide"
"20427-58-1","Zn(OH)2","zinc hydroxide"
"1314-22-3","ZnO2","zinc peroxide"
"1314-98-3","ZnS","zinc sulfide"
"557-42-6","Zn(SCN)2","zinc thiocyanate"
"7733-02-0","ZnSO4","zinc sulfate"
"12039-35-9","ZnSb","zinc antimonide"
"1315-09-9","ZnSe","zinc selenide"
"12036-37-2","ZnSnO3","zinc stannate"
"1315-11-3","ZnTe","zinc telluride"
"12036-43-0","ZnTiO3","zinc titanate"
"13597-56-3","ZnWO4","zinc tungstate"
"14883-46-6","Zn2Fe(CN)6","zinc ferrocyanide"
"7446-26-6","Zn2P2O7","zinc pyrophosphate"
"13597-65-4","Zn2SiO4","zinc orthosilicate"
"13464-44-3","Zn3(AsO4)2","zinc arsenate"
"12880-01-2","Zn3(BO3)2","zinc borate"
"1313-49-1","Zn3N2","zinc nitride"
"1314-84-7","Zn3P2","zinc phosphide"
"7779-90-0","Zn3(PO4)2","zinc phosphate"
"24621-18-9","ZrBr3","zirconium(III) bromide"
"13777-25-8","ZrBr4","zirconium(IV) bromide"
"12070-14-3","ZrC","zirconium(IV) carbide"
"13762-26-0","ZrCl2","zirconium(II) chloride"
"10026-11-6","ZrCl4","zirconium(IV) chloride"
"7783-64-4","ZrF4","zirconium(IV) fluoride"
"7704-99-6","ZrH2","zirconium(II) hydride"
"15513-85-6","ZrI2","zirconium(II) iodide"
"13779-87-8","ZrI3","zirconium(III) iodide"
"13986-26-0","ZrI4","zirconium(IV) iodide"
"25658-42-8","ZrN","zirconium(III) nitride"
"14475-63-9","Zr(OH)4","zirconium(IV) hydroxide"
"12036-01-0","ZrO","zirconium(II) oxide"
"1314-23-4","ZrO2","zirconium(IV) oxide"
"13765-95-2","Zr(HPO4)","zirconium(IV) phosphate"
"12037-80-8","ZrP2","zirconium(IV) phosphide"
"14644-61-2","Zr(SO4)2","zirconium(IV) sulfate"
"12039-15-5","ZrS2","zirconium(IV) sulfide"
"12166-47-1","ZrSe2","zirconium(IV) selenide"
"12039-90-6","ZrSi2","zirconium(IV) silicide"
"10101-52-7","ZrSiO4","zirconium(IV) silicate"
"32321-65-6","ZrTe2","zirconium(IV) telluride"
"16853-74-0","Zr(WO4)2","zirconium(IV) tungstate"
